"OriginalProjectPath","ChronologyStage","RelativePath","Length","CreationTimeUtc","LastWriteTimeUtc","LastAccessTimeUtc","Attributes","Sha256","CanonicalAction","CanonicalReason","CanonicalRelativePath","CanonicalLength","CanonicalSha256"
"Архив\Binary Checker","01-Binary Checker","Binary Checker.sdf","52297728","2021-03-15T17:18:18.9458009Z","2014-02-09T20:48:32.0000000Z","2022-02-07T00:19:17.0000000Z","533536","7e953bf53ba3e9ac82342d6669db3c387562f585ee2f3d2dc23be5dbe9e92fd3","metadata-only","generated-file:.sdf","","",""
"Архив\Binary Checker","01-Binary Checker","Binary Checker.sln","2154","2021-03-15T17:18:18.9458009Z","2014-02-08T20:59:53.0000000Z","2022-02-07T00:19:16.0000000Z","533536","c7119b7a8de4a655b847adcad1c89acf5ee91251998c6a40317aa1b65c22b42f","included-exact","source-only-history","original-source\01-Binary Checker\Binary Checker.sln","2154","c7119b7a8de4a655b847adcad1c89acf5ee91251998c6a40317aa1b65c22b42f"
"Архив\Binary Checker","01-Binary Checker","Binary Checker.v12.suo","38912","2021-03-15T17:18:18.9458009Z","2014-02-09T20:48:32.0000000Z","2022-02-07T00:19:16.0000000Z","533536","f5285449407b55be4793f4581c47d83d139a783fe8895f5baf5334c68c5f427e","metadata-only","generated-file:.suo","","",""
"Архив\Binary Checker","01-Binary Checker","Binary Checker\App.xaml","241","2021-03-15T17:18:18.9614217Z","2014-02-08T20:59:51.0000000Z","2026-07-14T01:20:17.9763140Z","533536","68e9b7fcc8319611e60b0ab1e158c63112d3ce3a8f9c1674f277557d8a46f9ed","included-exact","source-only-history","original-source\01-Binary Checker\Binary Checker\App.xaml","241","68e9b7fcc8319611e60b0ab1e158c63112d3ce3a8f9c1674f277557d8a46f9ed"
"Архив\Binary Checker","01-Binary Checker","Binary Checker\App.xaml.cpp","6197","2021-03-15T17:18:18.9614217Z","2014-02-08T20:59:51.0000000Z","2026-07-14T01:20:17.9790202Z","533536","55937702695db035fe41892d6c1407806f8f8ea93bd2ed619b7618f88cb70275","included-exact","source-only-history","original-source\01-Binary Checker\Binary Checker\App.xaml.cpp","6197","55937702695db035fe41892d6c1407806f8f8ea93bd2ed619b7618f88cb70275"
"Архив\Binary Checker","01-Binary Checker","Binary Checker\App.xaml.h","782","2021-03-15T17:18:18.9614217Z","2014-02-08T20:59:51.0000000Z","2026-07-14T01:20:17.9811622Z","533536","869e67e42729086747020f3c42146ac167844f9857b96571f2d231836ecbbbb4","included-exact","source-only-history","original-source\01-Binary Checker\Binary Checker\App.xaml.h","782","869e67e42729086747020f3c42146ac167844f9857b96571f2d231836ecbbbb4"
"Архив\Binary Checker","01-Binary Checker","Binary Checker\Assets\Logo.scale-100.png","801","2021-03-15T17:18:17.8679304Z","2013-09-23T15:36:44.0000000Z","2026-06-16T00:34:53.9836850Z","533536","54be80ae48e4242d56170248e730ffac60a2828d07260a048e2ac0fd62386234","included-exact","source-only-history","original-source\01-Binary Checker\Binary Checker\Assets\Logo.scale-100.png","801","54be80ae48e4242d56170248e730ffac60a2828d07260a048e2ac0fd62386234"
"Архив\Binary Checker","01-Binary Checker","Binary Checker\Assets\SmallLogo.scale-100.png","329","2021-03-15T17:18:17.8679304Z","2013-09-23T15:36:44.0000000Z","2026-06-16T00:34:53.9896892Z","533536","36855fbbc6c297223cd449a67d02f9c976dd3e432c9905b4ffc6af8f1eec47a9","included-exact","source-only-history","original-source\01-Binary Checker\Binary Checker\Assets\SmallLogo.scale-100.png","329","36855fbbc6c297223cd449a67d02f9c976dd3e432c9905b4ffc6af8f1eec47a9"
"Архив\Binary Checker","01-Binary Checker","Binary Checker\Assets\SplashScreen.scale-100.png","2146","2021-03-15T17:18:17.8679304Z","2013-09-23T15:36:44.0000000Z","2026-06-16T00:34:53.9956875Z","533536","1dbcfb098cbbb33da94a6f4c28f2de82d9724b2854b5599a79f967f776f0fe36","included-exact","source-only-history","original-source\01-Binary Checker\Binary Checker\Assets\SplashScreen.scale-100.png","2146","1dbcfb098cbbb33da94a6f4c28f2de82d9724b2854b5599a79f967f776f0fe36"
"Архив\Binary Checker","01-Binary Checker","Binary Checker\Assets\StoreLogo.scale-100.png","429","2021-03-15T17:18:17.8835516Z","2013-09-23T15:36:44.0000000Z","2026-06-16T00:34:54.0006863Z","533536","dc825fcb94ff61d3b39368c27d311bdf74730e5ea9244472e5bfe511a1224b43","included-exact","source-only-history","original-source\01-Binary Checker\Binary Checker\Assets\StoreLogo.scale-100.png","429","dc825fcb94ff61d3b39368c27d311bdf74730e5ea9244472e5bfe511a1224b43"
"Архив\Binary Checker","01-Binary Checker","Binary Checker\Binary Checker_TemporaryKey.pfx","2536","2021-03-15T17:18:18.9614217Z","2014-02-08T20:59:53.0000000Z","2022-02-07T00:19:17.0000000Z","533536","49eef210c5569d4afd6a9cb4711e3b95c763bb3c13f796e5923083b791bffa4e","metadata-only","sensitive-key-material-local-only","","",""
"Архив\Binary Checker","01-Binary Checker","Binary Checker\Binary Checker.vcxproj","9351","2021-03-15T17:18:18.9614217Z","2014-02-09T18:40:00.0000000Z","2022-02-07T00:19:17.0000000Z","533536","81ed320ec87455c363c108886d5aa6c1cb227ba05d475718012805194ae69a97","included-exact","source-only-history","original-source\01-Binary Checker\Binary Checker\Binary Checker.vcxproj","9351","81ed320ec87455c363c108886d5aa6c1cb227ba05d475718012805194ae69a97"
"Архив\Binary Checker","01-Binary Checker","Binary Checker\Binary Checker.vcxproj.filters","1556","2021-03-15T17:18:18.9614217Z","2014-02-09T18:40:00.0000000Z","2022-02-07T00:19:17.0000000Z","533536","2950affa8204a684ba99a609a7e2c44d4f5322eaa719cf60edbb3d46b86cbdaa","included-exact","source-only-history","original-source\01-Binary Checker\Binary Checker\Binary Checker.vcxproj.filters","1556","2950affa8204a684ba99a609a7e2c44d4f5322eaa719cf60edbb3d46b86cbdaa"
"Архив\Binary Checker","01-Binary Checker","Binary Checker\Debug\App.xaml.obj","3828396","2021-03-15T17:18:16.6462959Z","2014-02-09T19:22:31.0000000Z","2022-02-07T00:19:05.0000000Z","533536","a16c261a1070651b615c35e8e57b682ce45acb94b77595e8d14a5f9bdbea9483","metadata-only","generated-file:.obj","","",""
"Архив\Binary Checker","01-Binary Checker","Binary Checker\Debug\Binary Checker.Build.CppClean.log","5698","2021-03-15T17:18:16.6462959Z","2014-02-09T15:10:29.0000000Z","2022-02-07T00:19:05.0000000Z","533536","20bc2b985af1390e6e3ffdab48ae6ce304a8d46a730a20a9172b233fa73cec43","metadata-only","generated-file:.log","","",""
"Архив\Binary Checker","01-Binary Checker","Binary Checker\Debug\Binary Checker.log","1937","2021-03-15T17:18:16.6306746Z","2014-02-09T20:45:15.0000000Z","2022-02-07T00:19:05.0000000Z","533536","aaa8e1bad8cab87da1a6d55697263e92da412aae9b9f104fb8d2f29db9d595d9","metadata-only","generated-file:.log","","",""
"Архив\Binary Checker","01-Binary Checker","Binary Checker\Debug\Binary Checker.pch","54657024","2021-03-15T17:18:16.6462959Z","2014-02-09T19:22:29.0000000Z","2022-02-07T00:19:06.0000000Z","533536","1634823c3bcc87a76dc97d1efb991804c123a377e256c495717f1a6101a22efa","metadata-only","generated-file:.pch","","",""
"Архив\Binary Checker","01-Binary Checker","Binary Checker\Debug\Binary Checker.tlog\Binary Checker.lastbuildstate","190","2021-03-15T17:18:14.4280699Z","2014-02-09T20:45:14.0000000Z","2022-02-07T00:18:55.0000000Z","533536","ffcac117a165b73412b90e678da075c88c98cb0f29853b78c09db7dff78eb426","metadata-only","generated-file:.lastbuildstate","","",""
"Архив\Binary Checker","01-Binary Checker","Binary Checker\Debug\Binary Checker.tlog\Binary Checker.read.1u.tlog","16850","2021-03-15T17:18:14.4280699Z","2014-02-09T20:38:36.0000000Z","2022-02-07T00:18:55.0000000Z","533536","b07d33b7a94146695107eecd7850e203508df681151397b771fbe0b09e5ecdca","metadata-only","generated-file:.tlog","","",""
"Архив\Binary Checker","01-Binary Checker","Binary Checker\Debug\Binary Checker.tlog\Binary Checker.write.1u.tlog","27860","2021-03-15T17:18:14.4124491Z","2014-02-09T20:38:36.0000000Z","2022-02-07T00:18:55.0000000Z","533536","b7d5ff98fc7fd1c8b94fc8a86b06a59a60b67e5dd06ab90b7bb89e8bb2c105f8","metadata-only","generated-file:.tlog","","",""
"Архив\Binary Checker","01-Binary Checker","Binary Checker\Debug\Binary Checker.tlog\Binary_Checker.winmd.lastbuild","0","2021-03-15T17:18:14.4124491Z","2014-02-09T20:38:34.0000000Z","2022-02-07T00:18:55.0000000Z","533536","e3b0c44298fc1c149afbf4c8996fb92427ae41e4649b934ca495991b7852b855","metadata-only","generated-or-dependency:Debug","","",""
"Архив\Binary Checker","01-Binary Checker","Binary Checker\Debug\Binary Checker.tlog\cl.command.1.tlog","7490","2021-03-15T17:18:14.4124491Z","2014-02-09T20:45:15.0000000Z","2022-02-07T00:18:55.0000000Z","533536","2437c518e33c6b7d8ec4ab7c5ae8d655277535b3a6ca2b5cd859f13eeaf9ce3e","metadata-only","generated-file:.tlog","","",""
"Архив\Binary Checker","01-Binary Checker","Binary Checker\Debug\Binary Checker.tlog\CL.read.1.tlog","41360","2021-03-15T17:18:14.4124491Z","2014-02-09T20:45:15.0000000Z","2022-02-07T00:18:55.0000000Z","533536","c70a7540a09256df5afc2c5b626c8aa977f3e735ec940b4e7f4b8e54d0f17272","metadata-only","generated-file:.tlog","","",""
"Архив\Binary Checker","01-Binary Checker","Binary Checker\Debug\Binary Checker.tlog\CL.write.1.tlog","3934","2021-03-15T17:18:14.4124491Z","2014-02-09T20:45:15.0000000Z","2022-02-07T00:18:55.0000000Z","533536","4917d15c052f164172377ccb6d274f842028eed119eb297073569aaf5ad72ef0","metadata-only","generated-file:.tlog","","",""
"Архив\Binary Checker","01-Binary Checker","Binary Checker\Debug\Binary Checker.tlog\link.command.1.tlog","3958","2021-03-15T17:18:14.4124491Z","2014-02-09T20:38:35.0000000Z","2022-02-07T00:18:55.0000000Z","533536","7f663a4faa58268dd38fecc8280e09b87c2b08f2c82471accfae9804e7112f38","metadata-only","generated-file:.tlog","","",""
"Архив\Binary Checker","01-Binary Checker","Binary Checker\Debug\Binary Checker.tlog\link.read.1.tlog","6872","2021-03-15T17:18:14.4124491Z","2014-02-09T20:38:35.0000000Z","2022-02-07T00:18:55.0000000Z","533536","2c77cd673c73bbfa646d7048aa33ef5b22b1b47bd84ebcd9514bc8d57c38f6a8","metadata-only","generated-file:.tlog","","",""
"Архив\Binary Checker","01-Binary Checker","Binary Checker\Debug\Binary Checker.tlog\link.write.1.tlog","2586","2021-03-15T17:18:14.4124491Z","2014-02-09T20:38:35.0000000Z","2022-02-07T00:18:55.0000000Z","533536","81f892a704f56fcd53c69b313b9cc37e1504e441707aa01c594ca34fe6228458","metadata-only","generated-file:.tlog","","",""
"Архив\Binary Checker","01-Binary Checker","Binary Checker\Debug\Binary Checker.tlog\unsuccessfulbuild","0","2021-03-15T17:18:14.3968277Z","2014-02-09T20:45:14.0000000Z","2022-02-07T00:18:55.0000000Z","533536","e3b0c44298fc1c149afbf4c8996fb92427ae41e4649b934ca495991b7852b855","metadata-only","generated-or-dependency:Debug","","",""
"Архив\Binary Checker","01-Binary Checker","Binary Checker\Debug\Binary Checker.vcxprojResolveAssemblyReference.cache","2665","2021-03-15T17:18:16.6306746Z","2014-02-09T15:10:29.0000000Z","2022-02-07T00:19:05.0000000Z","533536","cc83fa0349b499ba81a07f02ef4cd5454af202c92ea3782475e7688210927735","metadata-only","generated-file:.cache","","",""
"Архив\Binary Checker","01-Binary Checker","Binary Checker\Debug\layout.resfiles","149","2021-03-15T17:18:16.6306746Z","2014-02-09T15:10:36.0000000Z","2022-02-07T00:19:05.0000000Z","533536","629d5c5b62f352b03bd600e1a2c053320466fab25f6a09c62df0a408ea75e9ef","metadata-only","generated-or-dependency:Debug","","",""
"Архив\Binary Checker","01-Binary Checker","Binary Checker\Debug\layout.resfiles.intermediate","149","2021-03-15T17:18:16.6306746Z","2014-02-09T20:38:36.0000000Z","2022-02-07T00:19:05.0000000Z","533536","629d5c5b62f352b03bd600e1a2c053320466fab25f6a09c62df0a408ea75e9ef","metadata-only","generated-or-dependency:Debug","","",""
"Архив\Binary Checker","01-Binary Checker","Binary Checker\Debug\MultipleQualifiersPerDimensionFound.txt","5","2021-03-15T17:18:16.6306746Z","2014-02-09T15:10:36.0000000Z","2022-02-07T00:19:05.0000000Z","533536","60a33e6cf5151f2d52eddae9685cfa270426aa89d8dbc7dfb854606f1d1a40fe","metadata-only","generated-or-dependency:Debug","","",""
"Архив\Binary Checker","01-Binary Checker","Binary Checker\Debug\pch.obj","4324453","2021-03-15T17:18:16.6306746Z","2014-02-09T19:22:30.0000000Z","2022-02-07T00:19:05.0000000Z","533536","ed3492fd61f152944a8edaf9a792d95ad4160be0a16bdc74d73a6797462b8395","metadata-only","generated-file:.obj","","",""
"Архив\Binary Checker","01-Binary Checker","Binary Checker\Debug\pri.resfiles","0","2021-03-15T17:18:16.6306746Z","2014-02-09T15:10:36.0000000Z","2022-02-07T00:19:05.0000000Z","533536","e3b0c44298fc1c149afbf4c8996fb92427ae41e4649b934ca495991b7852b855","metadata-only","generated-or-dependency:Debug","","",""
"Архив\Binary Checker","01-Binary Checker","Binary Checker\Debug\pri.resfiles.intermediate","0","2021-03-15T17:18:16.6306746Z","2014-02-09T20:38:36.0000000Z","2022-02-07T00:19:05.0000000Z","533536","e3b0c44298fc1c149afbf4c8996fb92427ae41e4649b934ca495991b7852b855","metadata-only","generated-or-dependency:Debug","","",""
"Архив\Binary Checker","01-Binary Checker","Binary Checker\Debug\priconfig-AlexanderPC.xml","1969","2021-03-15T17:17:59.3831923Z","2014-02-09T15:10:36.0000000Z","2022-02-07T00:18:32.0000000Z","533536","d66832e571bf6a72f26ddf6fa8fc1a3d1b3aa6cfc8797439db9714059182af07","metadata-only","generated-or-dependency:Debug","","",""
"Архив\Binary Checker","01-Binary Checker","Binary Checker\Debug\priconfig.xml","1969","2021-03-15T17:18:16.5681896Z","2014-02-09T15:10:36.0000000Z","2022-02-07T00:19:04.0000000Z","533536","d66832e571bf6a72f26ddf6fa8fc1a3d1b3aa6cfc8797439db9714059182af07","metadata-only","generated-or-dependency:Debug","","",""
"Архив\Binary Checker","01-Binary Checker","Binary Checker\Debug\priconfig.xml.intermediate","1969","2021-03-15T17:18:16.6306746Z","2014-02-09T20:38:36.0000000Z","2022-02-07T00:19:05.0000000Z","533536","d66832e571bf6a72f26ddf6fa8fc1a3d1b3aa6cfc8797439db9714059182af07","metadata-only","generated-or-dependency:Debug","","",""
"Архив\Binary Checker","01-Binary Checker","Binary Checker\Debug\ProjectArchitectures.txt","104","2021-03-15T17:18:16.5681896Z","2014-02-09T20:38:36.0000000Z","2022-02-07T00:19:04.0000000Z","533536","4cf7c48234e84ecb2356f52552a68d0625a48e3db8e7f3b301d84fdb74be58f6","metadata-only","generated-or-dependency:Debug","","",""
"Архив\Binary Checker","01-Binary Checker","Binary Checker\Debug\qualifiers.txt","11","2021-03-15T17:18:16.5525676Z","2014-02-09T15:10:36.0000000Z","2022-02-07T00:19:04.0000000Z","533536","ea4ef3235decc2aca7f92e5df51326e2c81a2b49b7f0ab106b780c36de76c238","metadata-only","generated-or-dependency:Debug","","",""
"Архив\Binary Checker","01-Binary Checker","Binary Checker\Debug\qualifiers.txt.intermediate","11","2021-03-15T17:18:16.5525676Z","2014-02-09T18:40:00.0000000Z","2022-02-07T00:19:04.0000000Z","533536","ea4ef3235decc2aca7f92e5df51326e2c81a2b49b7f0ab106b780c36de76c238","metadata-only","generated-or-dependency:Debug","","",""
"Архив\Binary Checker","01-Binary Checker","Binary Checker\Debug\resources.resfiles","0","2021-03-15T17:18:16.5525676Z","2014-02-09T15:10:36.0000000Z","2022-02-07T00:19:04.0000000Z","533536","e3b0c44298fc1c149afbf4c8996fb92427ae41e4649b934ca495991b7852b855","metadata-only","generated-or-dependency:Debug","","",""
"Архив\Binary Checker","01-Binary Checker","Binary Checker\Debug\resources.resfiles.intermediate","0","2021-03-15T17:18:16.5525676Z","2014-02-09T20:38:36.0000000Z","2022-02-07T00:19:04.0000000Z","533536","e3b0c44298fc1c149afbf4c8996fb92427ae41e4649b934ca495991b7852b855","metadata-only","generated-or-dependency:Debug","","",""
"Архив\Binary Checker","01-Binary Checker","Binary Checker\Debug\vc120.idb","633856","2021-03-15T17:18:16.5525676Z","2014-02-09T20:45:15.0000000Z","2022-02-07T00:19:04.0000000Z","533536","467938119713075619243d9635b698d493206435cb42b83b554865b0feabc71e","metadata-only","generated-file:.idb","","",""
"Архив\Binary Checker","01-Binary Checker","Binary Checker\Debug\vc120.pdb","6991872","2021-03-15T17:18:16.5525676Z","2014-02-09T20:45:15.0000000Z","2022-02-07T00:19:04.0000000Z","533536","91ec45ac5adbe43f26af9dfbaf9627b691f2bd21eec7bbaca247002e197da5c0","metadata-only","generated-file:.pdb","","",""
"Архив\Binary Checker","01-Binary Checker","Binary Checker\Debug\XamlSaveStateFile-AlexanderPC.xml","518","2021-03-15T17:17:59.3675716Z","2014-02-09T20:45:14.0000000Z","2022-02-07T00:18:32.0000000Z","533536","2595453e73a0f3c439d9b099c0095eca8abbf78b89249bf03972f85b2bf51b8d","metadata-only","generated-or-dependency:Debug","","",""
"Архив\Binary Checker","01-Binary Checker","Binary Checker\Debug\XamlSaveStateFile.xml","518","2021-03-15T17:18:16.5525676Z","2014-02-09T20:45:14.0000000Z","2022-02-07T00:19:04.0000000Z","533536","2595453e73a0f3c439d9b099c0095eca8abbf78b89249bf03972f85b2bf51b8d","metadata-only","generated-or-dependency:Debug","","",""
"Архив\Binary Checker","01-Binary Checker","Binary Checker\Debug\XamlTypeInfo.g.obj","5355787","2021-03-15T17:18:16.5525676Z","2014-02-09T20:38:35.0000000Z","2022-02-07T00:19:04.0000000Z","533536","20423a1ccc968162619a12959ac69145d84f4d2370fb4285175b63f37cb16352","metadata-only","generated-file:.obj","","",""
"Архив\Binary Checker","01-Binary Checker","Binary Checker\Debug\XamlTypeInfo.Impl.g.obj","3042199","2021-03-15T17:18:16.5525676Z","2014-02-09T19:22:31.0000000Z","2022-02-07T00:19:04.0000000Z","533536","e22198419c9493660b00e7ccf8bd7aac3c33090446ea1e1ce42bcb98eb7e8b40","metadata-only","generated-file:.obj","","",""
"Архив\Binary Checker","01-Binary Checker","Binary Checker\Generated Files\App.g.h","1262","2021-03-15T17:18:16.5525676Z","2014-02-08T20:59:51.0000000Z","2026-07-14T01:20:17.9921704Z","533536","66d8a22f413821e82c5326ab2c2696a4ecdc9d3c765354d6bd2f6c3a6e823a26","metadata-only","tracked-original-file","","",""
"Архив\Binary Checker","01-Binary Checker","Binary Checker\Generated Files\App.g.hpp","3750","2021-03-15T17:18:16.5369467Z","2014-02-08T20:59:51.0000000Z","2026-07-14T01:20:17.9941715Z","533536","67078d950bb8338bea0b21823c281d9b4a6fef171b92737370d3b61006a7e22a","metadata-only","tracked-original-file","","",""
"Архив\Binary Checker","01-Binary Checker","Binary Checker\Generated Files\App.xaml","243","2021-03-15T17:18:16.5369467Z","2014-02-08T20:59:51.0000000Z","2026-07-14T01:20:17.9971730Z","533536","9f2d090b5cce37368630898c1c59a119c7f64b2e76b5a953bd795176f098f3d4","metadata-only","tracked-original-file","","",""
"Архив\Binary Checker","01-Binary Checker","Binary Checker\Generated Files\App.xbf","706","2021-03-15T17:18:16.5369467Z","2014-02-09T15:10:34.0000000Z","2022-02-07T00:19:06.0000000Z","533536","9fc1779f89613cff817b7759fe65d5a5e372aba171180967c4a76e6aa9a33398","metadata-only","tracked-original-file","","",""
"Архив\Binary Checker","01-Binary Checker","Binary Checker\Generated Files\MainPage.g.h","1066","2021-03-15T17:18:16.5369467Z","2014-02-09T15:11:02.0000000Z","2026-07-14T01:20:17.9991745Z","533536","fdcb0c8606839e4a3041e925a2c9e51722b71f4ebcf23ef7994e6d5fc5159e69","metadata-only","tracked-original-file","","",""
"Архив\Binary Checker","01-Binary Checker","Binary Checker\Generated Files\MainPage.g.hpp","1722","2021-03-15T17:18:16.5369467Z","2014-02-09T15:11:02.0000000Z","2026-07-14T01:20:18.0011710Z","533536","d36297d07b0eaf18bd0ecb977d89844e2e81917e39da89b2ce3d6df319dca847","metadata-only","tracked-original-file","","",""
"Архив\Binary Checker","01-Binary Checker","Binary Checker\Generated Files\MainPage.xaml","776","2021-03-15T17:18:16.5369467Z","2014-02-09T15:11:02.0000000Z","2026-07-14T01:20:18.0041718Z","533536","85e8ec6c8b6cf6ed3c5e1806f25641aa8a58600d60209983acee48a4ecb4ae57","metadata-only","tracked-original-file","","",""
"Архив\Binary Checker","01-Binary Checker","Binary Checker\Generated Files\MainPage.xbf","2376","2021-03-15T17:18:16.5369467Z","2014-02-09T18:40:00.0000000Z","2022-02-07T00:19:06.0000000Z","533536","3bc01fc30de0ec50ac2b9ecf053b34bfd9921736ab38fb6e822c03c03f8ed688","metadata-only","tracked-original-file","","",""
"Архив\Binary Checker","01-Binary Checker","Binary Checker\Generated Files\XamlLibMetadataProvider.g.cpp","7","2021-03-15T17:18:16.5369467Z","2014-02-09T15:10:29.0000000Z","2026-07-14T01:20:18.0061714Z","533536","60116575bb1b6772ed22ba93bfa53bef0a772667da1812c1c3fc0a46cd93bc3e","metadata-only","tracked-original-file","","",""
"Архив\Binary Checker","01-Binary Checker","Binary Checker\Generated Files\XamlTypeInfo.g.cpp","3442","2021-03-15T17:18:16.5369467Z","2014-02-09T15:10:34.0000000Z","2026-07-14T01:20:18.0081724Z","533536","341824bca459c2e67a412e0a5136002051a2238a0a0b5ab9ceb6a3bfcdf1ff7c","metadata-only","tracked-original-file","","",""
"Архив\Binary Checker","01-Binary Checker","Binary Checker\Generated Files\XamlTypeInfo.g.h","12077","2021-03-15T17:18:16.5213257Z","2014-02-09T15:10:29.0000000Z","2026-07-14T01:20:18.0151744Z","533536","96fccef8eefe5228657bbe201498dc7140ba480bb43fe4dc5dbf251dd60b251c","metadata-only","tracked-original-file","","",""
"Архив\Binary Checker","01-Binary Checker","Binary Checker\Generated Files\XamlTypeInfo.Impl.g.cpp","18589","2021-03-15T17:18:16.5213257Z","2014-02-09T15:10:29.0000000Z","2026-07-14T01:20:18.0231712Z","533536","f5df6b8059bc738baf12a4a4ceb313036424865c3d1fcc8a9e04a6a26781f2d6","metadata-only","tracked-original-file","","",""
"Архив\Binary Checker","01-Binary Checker","Binary Checker\MainPage.xaml","755","2021-03-15T17:18:18.9458009Z","2014-02-09T15:11:02.0000000Z","2026-07-14T01:20:17.9831721Z","533536","bfadb3f48fba255c7109d8b87475b9ec2bed4fcf2da78bf1acd03a06c8b708b9","included-exact","source-only-history","original-source\01-Binary Checker\Binary Checker\MainPage.xaml","755","bfadb3f48fba255c7109d8b87475b9ec2bed4fcf2da78bf1acd03a06c8b708b9"
"Архив\Binary Checker","01-Binary Checker","Binary Checker\MainPage.xaml.cpp","1892","2021-03-15T17:18:18.9458009Z","2014-02-09T20:48:32.0000000Z","2026-07-14T01:20:17.9841722Z","533536","d96b5ce62b28b349ad1137cbddbf2ff954eb5f77ce1cabd62a01dccb8f76a654","included-exact","source-only-history","original-source\01-Binary Checker\Binary Checker\MainPage.xaml.cpp","1892","d96b5ce62b28b349ad1137cbddbf2ff954eb5f77ce1cabd62a01dccb8f76a654"
"Архив\Binary Checker","01-Binary Checker","Binary Checker\MainPage.xaml.h","527","2021-03-15T17:18:18.9458009Z","2014-02-08T21:09:32.0000000Z","2026-07-14T01:20:17.9871745Z","533536","629bec306f4600f9d53e9762ae065b314e395c610624f40986af3023abd03b8e","included-exact","source-only-history","original-source\01-Binary Checker\Binary Checker\MainPage.xaml.h","527","629bec306f4600f9d53e9762ae065b314e395c610624f40986af3023abd03b8e"
"Архив\Binary Checker","01-Binary Checker","Binary Checker\Package.appxmanifest","1349","2021-03-15T17:18:18.9458009Z","2014-02-08T20:59:51.0000000Z","2022-02-07T00:19:17.0000000Z","533536","0be9ea8e58c1320a697219c9fd4361b54c0caa3e34a6e17a83174fe22c307d8f","included-exact","source-only-history","original-source\01-Binary Checker\Binary Checker\Package.appxmanifest","1349","0be9ea8e58c1320a697219c9fd4361b54c0caa3e34a6e17a83174fe22c307d8f"
"Архив\Binary Checker","01-Binary Checker","Binary Checker\pch.cpp","193","2021-03-15T17:18:18.9458009Z","2013-10-04T23:46:44.0000000Z","2026-07-14T01:20:17.9891715Z","533536","e26537d8650e2b6b901f2f7acb44d2780fa74a51c76c92abfb5789cbbed39c3f","included-exact","source-only-history","original-source\01-Binary Checker\Binary Checker\pch.cpp","193","e26537d8650e2b6b901f2f7acb44d2780fa74a51c76c92abfb5789cbbed39c3f"
"Архив\Binary Checker","01-Binary Checker","Binary Checker\pch.h","212","2021-03-15T17:18:18.9458009Z","2013-10-04T23:46:44.0000000Z","2026-07-14T01:20:17.9901709Z","533536","e84d1dadb8fd543d9df23e32569f1de79bd1aa35771c936a5f3edfb72f957437","included-exact","source-only-history","original-source\01-Binary Checker\Binary Checker\pch.h","212","e84d1dadb8fd543d9df23e32569f1de79bd1aa35771c936a5f3edfb72f957437"
"Архив\Binary Checker","01-Binary Checker","Debug\Binary Checker\App.xbf","706","2021-03-15T17:18:16.5213257Z","2014-02-09T15:10:34.0000000Z","2022-02-07T00:19:04.0000000Z","533536","9fc1779f89613cff817b7759fe65d5a5e372aba171180967c4a76e6aa9a33398","metadata-only","generated-or-dependency:Debug","","",""
"Архив\Binary Checker","01-Binary Checker","Debug\Binary Checker\AppX\App.xbf","706","2021-03-15T17:18:14.3968277Z","2014-02-09T15:10:34.0000000Z","2022-02-07T00:18:55.0000000Z","533536","9fc1779f89613cff817b7759fe65d5a5e372aba171180967c4a76e6aa9a33398","metadata-only","generated-or-dependency:Debug","","",""
"Архив\Binary Checker","01-Binary Checker","Debug\Binary Checker\AppX\AppxManifest-AlexanderPC.xml","2623","2021-03-15T17:17:59.3675716Z","2014-02-09T18:40:01.0000000Z","2022-02-07T00:18:32.0000000Z","533536","9cdb2519d722d4f2116f96524c972004ce85f597a391284c2064e456fe0c42a6","metadata-only","generated-or-dependency:Debug","","",""
"Архив\Binary Checker","01-Binary Checker","Debug\Binary Checker\AppX\AppxManifest.xml","2623","2021-03-15T17:18:14.3968277Z","2014-02-09T18:40:01.0000000Z","2022-02-07T00:18:55.0000000Z","533536","9cdb2519d722d4f2116f96524c972004ce85f597a391284c2064e456fe0c42a6","metadata-only","generated-or-dependency:Debug","","",""
"Архив\Binary Checker","01-Binary Checker","Debug\Binary Checker\AppX\Assets\Logo.scale-100.png","801","2021-03-15T17:18:09.1168254Z","2013-09-23T15:36:44.0000000Z","2022-02-07T00:18:44.0000000Z","533536","54be80ae48e4242d56170248e730ffac60a2828d07260a048e2ac0fd62386234","metadata-only","generated-or-dependency:Debug","","",""
"Архив\Binary Checker","01-Binary Checker","Debug\Binary Checker\AppX\Assets\SmallLogo.scale-100.png","329","2021-03-15T17:18:09.1168254Z","2013-09-23T15:36:44.0000000Z","2022-02-07T00:18:44.0000000Z","533536","36855fbbc6c297223cd449a67d02f9c976dd3e432c9905b4ffc6af8f1eec47a9","metadata-only","generated-or-dependency:Debug","","",""
"Архив\Binary Checker","01-Binary Checker","Debug\Binary Checker\AppX\Assets\SplashScreen.scale-100.png","2146","2021-03-15T17:18:09.1168254Z","2013-09-23T15:36:44.0000000Z","2022-02-07T00:18:44.0000000Z","533536","1dbcfb098cbbb33da94a6f4c28f2de82d9724b2854b5599a79f967f776f0fe36","metadata-only","generated-or-dependency:Debug","","",""
"Архив\Binary Checker","01-Binary Checker","Debug\Binary Checker\AppX\Assets\StoreLogo.scale-100.png","429","2021-03-15T17:18:09.1168254Z","2013-09-23T15:36:44.0000000Z","2022-02-07T00:18:44.0000000Z","533536","dc825fcb94ff61d3b39368c27d311bdf74730e5ea9244472e5bfe511a1224b43","metadata-only","generated-or-dependency:Debug","","",""
"Архив\Binary Checker","01-Binary Checker","Debug\Binary Checker\AppX\Binary Checker.exe","2172928","2021-03-15T17:18:14.3968277Z","2014-02-09T20:38:35.0000000Z","2022-02-07T00:18:55.0000000Z","533536","6cc13aa5d526307535eb0bf44258c0827850314e623833062b707c39272ef617","metadata-only","preserved-deliverable","","",""
"Архив\Binary Checker","01-Binary Checker","Debug\Binary Checker\AppX\Binary_Checker.winmd","2048","2021-03-15T17:18:14.3968277Z","2014-02-09T15:10:34.0000000Z","2022-02-07T00:18:55.0000000Z","533536","66748ad08269e5725831f42763ec29108d25355ed63f62faa8c606be5cdb05ce","metadata-only","generated-or-dependency:Debug","","",""
"Архив\Binary Checker","01-Binary Checker","Debug\Binary Checker\AppX\MainPage.xbf","2376","2021-03-15T17:18:14.3968277Z","2014-02-09T18:40:00.0000000Z","2022-02-07T00:18:55.0000000Z","533536","3bc01fc30de0ec50ac2b9ecf053b34bfd9921736ab38fb6e822c03c03f8ed688","metadata-only","generated-or-dependency:Debug","","",""
"Архив\Binary Checker","01-Binary Checker","Debug\Binary Checker\AppX\microsoft.system.package.metadata\S-1-5-21-2916265200-2798880569-1913805576-1002.pckgdep","3244","2021-03-15T17:18:09.1168254Z","2014-02-08T21:10:28.0000000Z","2022-02-07T00:18:44.0000000Z","533536","d9330b66ef341275661a0ce7a7bdcac96c14a4b8914e0a4bbc1453c44f138037","metadata-only","generated-or-dependency:Debug","","",""
"Архив\Binary Checker","01-Binary Checker","Debug\Binary Checker\AppX\resources.pri","2216","2021-03-15T17:18:14.3968277Z","2014-02-09T18:40:00.0000000Z","2022-02-07T00:18:55.0000000Z","533536","1e7e1b9dc27c13de8bc21efe1d751d1fc06b1594cd2e1679cec021a88314d29f","metadata-only","generated-or-dependency:Debug","","",""
"Архив\Binary Checker","01-Binary Checker","Debug\Binary Checker\AppX\vs.appxrecipe","5970","2021-03-15T17:18:14.3812060Z","2014-02-09T20:38:36.0000000Z","2022-02-07T00:18:55.0000000Z","533536","0b10c0028cee388b3e04fb1d664b956223e2d692c017b9e403a21dea968e749f","metadata-only","generated-or-dependency:Debug","","",""
"Архив\Binary Checker","01-Binary Checker","Debug\Binary Checker\AppxManifest-AlexanderPC.xml","2623","2021-03-15T17:17:59.3675716Z","2014-02-09T18:40:01.0000000Z","2022-02-07T00:18:32.0000000Z","533536","9cdb2519d722d4f2116f96524c972004ce85f597a391284c2064e456fe0c42a6","metadata-only","generated-or-dependency:Debug","","",""
"Архив\Binary Checker","01-Binary Checker","Debug\Binary Checker\AppxManifest.xml","2623","2021-03-15T17:18:16.5213257Z","2014-02-09T18:40:01.0000000Z","2022-02-07T00:19:04.0000000Z","533536","9cdb2519d722d4f2116f96524c972004ce85f597a391284c2064e456fe0c42a6","metadata-only","generated-or-dependency:Debug","","",""
"Архив\Binary Checker","01-Binary Checker","Debug\Binary Checker\Binary Checker.build.appxrecipe","4847","2021-03-15T17:18:16.5213257Z","2014-02-09T20:38:36.0000000Z","2022-02-07T00:19:04.0000000Z","533536","e749d1f1fef723c69142e384f512629b843bc8e741aef8b90916489ea49b691e","metadata-only","generated-or-dependency:Debug","","",""
"Архив\Binary Checker","01-Binary Checker","Debug\Binary Checker\Binary Checker.exe","2172928","2021-03-15T17:18:16.5213257Z","2014-02-09T20:38:35.0000000Z","2022-02-07T00:19:04.0000000Z","533536","6cc13aa5d526307535eb0bf44258c0827850314e623833062b707c39272ef617","metadata-only","preserved-deliverable","","",""
"Архив\Binary Checker","01-Binary Checker","Debug\Binary Checker\Binary Checker.exp","1052","2021-03-15T17:18:16.5213257Z","2014-02-09T20:38:35.0000000Z","2022-02-07T00:19:04.0000000Z","533536","e372d828afc63380b6462b5d9f6aceda53645fb3fe02ee5c28493c6e3e0a2802","metadata-only","generated-file:.exp","","",""
"Архив\Binary Checker","01-Binary Checker","Debug\Binary Checker\Binary Checker.ilk","6438280","2021-03-15T17:18:16.5213257Z","2014-02-09T20:38:35.0000000Z","2022-02-07T00:19:04.0000000Z","533536","7ed466102636bc8bcbf47d633874654e25964655694a7384f13b2e6cfefeaa54","metadata-only","generated-file:.ilk","","",""
"Архив\Binary Checker","01-Binary Checker","Debug\Binary Checker\Binary Checker.lib","1686","2021-03-15T17:18:16.5057039Z","2014-02-09T20:38:35.0000000Z","2022-02-07T00:19:04.0000000Z","533536","8b9e518daa336fef94d473e651937a55371102ee077b5c164ba4689d11145bb6","metadata-only","generated-file:.lib","","",""
"Архив\Binary Checker","01-Binary Checker","Debug\Binary Checker\Binary Checker.pdb","11529216","2021-03-15T17:18:16.5057039Z","2014-02-09T20:38:35.0000000Z","2022-02-07T00:19:04.0000000Z","533536","9c8e1c4bf9ee05629019bc5149188432671c53829b827719ab5b3fc3f4f25fd5","metadata-only","generated-file:.pdb","","",""
"Архив\Binary Checker","01-Binary Checker","Debug\Binary Checker\Binary_Checker.winmd","2048","2021-03-15T17:18:16.5057039Z","2014-02-09T15:10:34.0000000Z","2022-02-07T00:19:03.0000000Z","533536","66748ad08269e5725831f42763ec29108d25355ed63f62faa8c606be5cdb05ce","metadata-only","generated-or-dependency:Debug","","",""
"Архив\Binary Checker","01-Binary Checker","Debug\Binary Checker\MainPage.xbf","2376","2021-03-15T17:18:16.5057039Z","2014-02-09T18:40:00.0000000Z","2022-02-07T00:19:03.0000000Z","533536","3bc01fc30de0ec50ac2b9ecf053b34bfd9921736ab38fb6e822c03c03f8ed688","metadata-only","generated-or-dependency:Debug","","",""
"Архив\Binary Checker","01-Binary Checker","Debug\Binary Checker\resources.pri","2216","2021-03-15T17:18:16.5057039Z","2014-02-09T18:40:00.0000000Z","2022-02-07T00:19:03.0000000Z","533536","1e7e1b9dc27c13de8bc21efe1d751d1fc06b1594cd2e1679cec021a88314d29f","metadata-only","generated-or-dependency:Debug","","",""
"Архив\Binary Checker","01-Binary Checker","ipch\binary checker-e5d9a212\binary checker-9f396b46-AlexanderDerGrosse.ipch","89718784","2021-03-15T17:18:16.5057039Z","2014-02-09T19:40:51.0000000Z","2022-02-07T00:19:03.0000000Z","533536","2caacd20b4a86d96b58da99d6230273e99ce49652c933cf830880c39c73525e8","metadata-only","generated-file:.ipch","","",""
"Архив\Binary Checker","01-Binary Checker","ipch\binary checker-e5d9a212\binary checker-9f396b46.ipch","89718784","2021-03-15T17:18:16.5057039Z","2014-02-09T20:45:17.0000000Z","2022-02-07T00:19:02.0000000Z","533536","d878620cfb04018e1006e0abbf6c3d1bc231b7901e2618cbc65b8ee3c9f8e929","metadata-only","generated-file:.ipch","","",""
"Архив\Binary Checker Console","02-Binary Checker Console","Binary Checker Console.sdf","3014656","2021-03-15T17:18:18.3209482Z","2014-02-09T20:53:49.0000000Z","2022-02-07T00:19:16.0000000Z","533536","34f8291a7f0b2ba7b8b7c8f0977bff8c5c05ac8b891f56550e15fb4f0eaddd3d","metadata-only","generated-file:.sdf","","",""
"Архив\Binary Checker Console","02-Binary Checker Console","Binary Checker Console.sln","1012","2021-03-15T17:18:18.3209482Z","2014-02-09T20:52:27.0000000Z","2022-02-07T00:19:16.0000000Z","533536","4bd68d0eb76ddef06de803dc35413d500ce3b8d0580752b4749cbc475ed9035b","included-exact","source-only-history","original-source\02-Binary Checker Console\Binary Checker Console.sln","1012","4bd68d0eb76ddef06de803dc35413d500ce3b8d0580752b4749cbc475ed9035b"
"Архив\Binary Checker Console","02-Binary Checker Console","Binary Checker Console.v12.suo","22016","2021-03-15T17:18:18.3209482Z","2014-02-09T20:53:49.0000000Z","2022-02-07T00:19:16.0000000Z","533536","8fa54efb700d4096fd0b71f52a342b2889e440ada7f3363ad5e9e5f8d8c8d362","metadata-only","generated-file:.suo","","",""
"Архив\Binary Checker Console","02-Binary Checker Console","Binary Checker Console\Binary Checker Console.cpp","172","2021-03-15T17:18:18.3365700Z","2014-02-09T20:52:27.0000000Z","2026-07-14T01:20:18.0979814Z","533536","b6e779a7e47c80fec20c2241360eaa22d119a5492e3d95e4de1266b1c4406efc","included-exact","source-only-history","original-source\02-Binary Checker Console\Binary Checker Console\Binary Checker Console.cpp","172","b6e779a7e47c80fec20c2241360eaa22d119a5492e3d95e4de1266b1c4406efc"
"Архив\Binary Checker Console","02-Binary Checker Console","Binary Checker Console\Binary Checker Console.vcxproj","4561","2021-03-15T17:18:18.3365700Z","2014-02-09T20:52:27.0000000Z","2022-02-07T00:19:16.0000000Z","533536","10f50562a4122798f72068b8d5dac24878682be593c5bbe0c4500cb9d3ab90d3","included-exact","source-only-history","original-source\02-Binary Checker Console\Binary Checker Console\Binary Checker Console.vcxproj","4561","10f50562a4122798f72068b8d5dac24878682be593c5bbe0c4500cb9d3ab90d3"
"Архив\Binary Checker Console","02-Binary Checker Console","Binary Checker Console\Binary Checker Console.vcxproj.filters","1509","2021-03-15T17:18:18.3209482Z","2014-02-09T20:52:27.0000000Z","2022-02-07T00:19:16.0000000Z","533536","a691625d1a1edae703d9bf2113e977b3dc4f8d31ee92a8d3e6b60c5b3c9405f5","included-exact","source-only-history","original-source\02-Binary Checker Console\Binary Checker Console\Binary Checker Console.vcxproj.filters","1509","a691625d1a1edae703d9bf2113e977b3dc4f8d31ee92a8d3e6b60c5b3c9405f5"
"Архив\Binary Checker Console","02-Binary Checker Console","Binary Checker Console\Debug\Binary C.9A774A87.tlog\Binary Checker Console.lastbuildstate","202","2021-03-15T17:18:13.6157626Z","2014-02-09T20:52:30.0000000Z","2022-02-07T00:18:55.0000000Z","533536","fd8366eda038e36aaef1359956a3de4440cfc805a95a03edb7002ff56daedd2f","metadata-only","generated-file:.lastbuildstate","","",""
"Архив\Binary Checker Console","02-Binary Checker Console","Binary Checker Console\Debug\Binary C.9A774A87.tlog\cl.command.1.tlog","1894","2021-03-15T17:18:13.6157626Z","2014-02-09T20:52:30.0000000Z","2022-02-07T00:18:55.0000000Z","533536","332be6d22e9708813c27da6f6a15f9a3bb2f6b420b13c4131ec74a1b95abc00a","metadata-only","generated-file:.tlog","","",""
"Архив\Binary Checker Console","02-Binary Checker Console","Binary Checker Console\Debug\Binary C.9A774A87.tlog\CL.read.1.tlog","3262","2021-03-15T17:18:13.6157626Z","2014-02-09T20:52:30.0000000Z","2022-02-07T00:18:55.0000000Z","533536","6a86920f2f50b9d543e5102a387a9fed4f3ffb6a26c601772437e0dc44646199","metadata-only","generated-file:.tlog","","",""
"Архив\Binary Checker Console","02-Binary Checker Console","Binary Checker Console\Debug\Binary C.9A774A87.tlog\CL.write.1.tlog","1888","2021-03-15T17:18:13.6157626Z","2014-02-09T20:52:30.0000000Z","2022-02-07T00:18:55.0000000Z","533536","e17fe6ad2b2128caee27b5a6199e4f8c3210ada90841a08b968bd0d8032ec57c","metadata-only","generated-file:.tlog","","",""
"Архив\Binary Checker Console","02-Binary Checker Console","Binary Checker Console\Debug\Binary C.9A774A87.tlog\link.command.1.tlog","1766","2021-03-15T17:18:13.6157626Z","2014-02-09T20:52:30.0000000Z","2022-02-07T00:18:55.0000000Z","533536","8e575fa2d74f271be3064bebb7fcda4bbf4dba95a1b5016457390f386d72190a","metadata-only","generated-file:.tlog","","",""
"Архив\Binary Checker Console","02-Binary Checker Console","Binary Checker Console\Debug\Binary C.9A774A87.tlog\link.read.1.tlog","3302","2021-03-15T17:18:13.6001408Z","2014-02-09T20:52:30.0000000Z","2022-02-07T00:18:55.0000000Z","533536","28c87627a243657221547943575db0219e5cf1fffb8208039c9a961a4eeea036","metadata-only","generated-file:.tlog","","",""
"Архив\Binary Checker Console","02-Binary Checker Console","Binary Checker Console\Debug\Binary C.9A774A87.tlog\link.write.1.tlog","1002","2021-03-15T17:18:13.6001408Z","2014-02-09T20:52:30.0000000Z","2022-02-07T00:18:55.0000000Z","533536","38433badae2cbefb0b562139d7ac1dc602db89a2564d38f4eeb9025dfd68b576","metadata-only","generated-file:.tlog","","",""
"Архив\Binary Checker Console","02-Binary Checker Console","Binary Checker Console\Debug\Binary Checker Console.log","2369","2021-03-15T17:18:16.0214435Z","2014-02-09T20:52:30.0000000Z","2022-02-07T00:19:06.0000000Z","533536","73602a3c229b69e78f97b22a5dd18928872da0367f54f40113000dc8bb04291a","metadata-only","generated-file:.log","","",""
"Архив\Binary Checker Console","02-Binary Checker Console","Binary Checker Console\Debug\Binary Checker Console.obj","3564","2021-03-15T17:18:16.0214435Z","2014-02-09T20:52:30.0000000Z","2022-02-07T00:19:06.0000000Z","533536","cbed20a5456223f5182c1d3b2bfd09f0cdf4663f86d164c58ecd373a927c6ad1","metadata-only","generated-file:.obj","","",""
"Архив\Binary Checker Console","02-Binary Checker Console","Binary Checker Console\Debug\Binary Checker Console.pch","1638400","2021-03-15T17:18:16.0214435Z","2014-02-09T20:52:30.0000000Z","2022-02-07T00:19:06.0000000Z","533536","c984c6644ed52ff2fed34ae24d49ca8c9e5aec34477f9bedbdf931527d9e0fe3","metadata-only","generated-file:.pch","","",""
"Архив\Binary Checker Console","02-Binary Checker Console","Binary Checker Console\Debug\stdafx.obj","12254","2021-03-15T17:18:16.0214435Z","2014-02-09T20:52:30.0000000Z","2022-02-07T00:19:06.0000000Z","533536","8acf148e11cc4cc58c60153015d9dcbf6ec31e176bb1dfaef7e14f0550910fe6","metadata-only","generated-file:.obj","","",""
"Архив\Binary Checker Console","02-Binary Checker Console","Binary Checker Console\Debug\vc120.idb","68608","2021-03-15T17:18:16.0058223Z","2014-02-09T20:52:30.0000000Z","2022-02-07T00:19:06.0000000Z","533536","d9f7de6c202a114a9a9cf7da78ccc7904d1f174cabb6ec161a9b343b5dd81926","metadata-only","generated-file:.idb","","",""
"Архив\Binary Checker Console","02-Binary Checker Console","Binary Checker Console\Debug\vc120.pdb","143360","2021-03-15T17:18:16.0058223Z","2014-02-09T20:52:30.0000000Z","2022-02-07T00:19:06.0000000Z","533536","72e3dbb93e08d95efa4070620cf0a367e3b9a7bf1cbf88cb668595221d08761b","metadata-only","generated-file:.pdb","","",""
"Архив\Binary Checker Console","02-Binary Checker Console","Binary Checker Console\ReadMe.txt","2728","2021-03-15T17:18:18.3209482Z","2014-02-09T20:52:27.0000000Z","2022-02-07T00:19:16.0000000Z","533536","ee8eb705b5d34a7562da72374f4d276ce191fc300b7653d98f8f7f599ebd3af7","included-exact","source-only-history","original-source\02-Binary Checker Console\Binary Checker Console\ReadMe.txt","2728","ee8eb705b5d34a7562da72374f4d276ce191fc300b7653d98f8f7f599ebd3af7"
"Архив\Binary Checker Console","02-Binary Checker Console","Binary Checker Console\stdafx.cpp","369","2021-03-15T17:18:18.3209482Z","2014-02-09T20:52:27.0000000Z","2026-07-14T01:20:18.0996019Z","533536","1b3652a82c33d3ba9568ccd81307a55dc4738ab90c3c674d2b3724bdc2057793","included-exact","source-only-history","original-source\02-Binary Checker Console\Binary Checker Console\stdafx.cpp","369","1b3652a82c33d3ba9568ccd81307a55dc4738ab90c3c674d2b3724bdc2057793"
"Архив\Binary Checker Console","02-Binary Checker Console","Binary Checker Console\stdafx.h","363","2021-03-15T17:18:18.3209482Z","2014-02-09T20:52:27.0000000Z","2026-07-14T01:20:18.1017229Z","533536","a81406dd759e40f4ecbc93c232a276d82681ca151dede0d6fe5a9ae0c00c2ea5","included-exact","source-only-history","original-source\02-Binary Checker Console\Binary Checker Console\stdafx.h","363","a81406dd759e40f4ecbc93c232a276d82681ca151dede0d6fe5a9ae0c00c2ea5"
"Архив\Binary Checker Console","02-Binary Checker Console","Binary Checker Console\targetver.h","342","2021-03-15T17:18:18.3209482Z","2014-02-09T20:52:27.0000000Z","2026-07-14T01:20:18.1038141Z","533536","53a2e8e17f1d4171ab23c2d920d05e269bdfe3a980298335fafb2b49c29ad228","included-exact","source-only-history","original-source\02-Binary Checker Console\Binary Checker Console\targetver.h","342","53a2e8e17f1d4171ab23c2d920d05e269bdfe3a980298335fafb2b49c29ad228"
"Архив\Binary Checker Console","02-Binary Checker Console","Debug\Binary Checker Console.exe","30720","2021-03-15T17:18:18.3365700Z","2014-02-09T20:52:30.0000000Z","2022-02-07T00:19:16.0000000Z","533536","f09448be98feebf3fee1b20c37a847e2969390349f726cb374a11fe89c21bb52","metadata-only","preserved-deliverable","","",""
"Архив\Binary Checker Console","02-Binary Checker Console","Debug\Binary Checker Console.ilk","222964","2021-03-15T17:18:18.3365700Z","2014-02-09T20:52:30.0000000Z","2022-02-07T00:19:16.0000000Z","533536","05f345dfd9eab6979a5b9fccff1d3c5893abbfbb4031e24c1e9a76b6b65a7e6c","metadata-only","generated-file:.ilk","","",""
"Архив\Binary Checker Console","02-Binary Checker Console","Debug\Binary Checker Console.pdb","429056","2021-03-15T17:18:18.3365700Z","2014-02-09T20:52:30.0000000Z","2022-02-07T00:19:16.0000000Z","533536","3e7cdf80e28f62afddd07cb15e360ed28f16700bf5c4e850a397348c5b1547a3","metadata-only","generated-file:.pdb","","",""
"Архив\Binary Checker Console","02-Binary Checker Console","ipch\binary checker console-8cbcb72b\binary checker console-a31f5fd9.ipch","3080192","2021-03-15T17:18:16.0214435Z","2014-02-09T20:53:36.0000000Z","2022-02-07T00:19:06.0000000Z","533536","a603745d2375b47924c9aa82ee137bccf51b143a6a8af1df1b71e583987bd85d","metadata-only","generated-file:.ipch","","",""
"Архив\Xparse(console)","03-Xparse(console)","Debug\Xparse(console).exe","97280","2021-03-15T17:18:17.3131050Z","2014-02-23T16:10:19.0000000Z","2022-02-07T00:19:09.0000000Z","533536","2a3c5aef36ca8c916cdc5938730912a0104d242a59df4ea5a405bdef553a25bf","metadata-only","preserved-deliverable","","",""
"Архив\Xparse(console)","03-Xparse(console)","Debug\Xparse(console).ilk","660056","2021-03-15T17:18:17.3023906Z","2014-02-23T16:10:19.0000000Z","2022-02-07T00:19:09.0000000Z","533536","6d81f8bbc9e55a76adf6fbc0cf3ed529a3e2b8a56a437dff041d93d7fbb26572","metadata-only","generated-file:.ilk","","",""
"Архив\Xparse(console)","03-Xparse(console)","Debug\Xparse(console).pdb","1108992","2021-03-15T17:18:17.3023906Z","2014-02-23T16:10:19.0000000Z","2022-02-07T00:19:09.0000000Z","533536","2ee1f716bd6a9258f5fa113e0973c0b15a1af548ebd094a6c18f5d86e2c235cb","metadata-only","generated-file:.pdb","","",""
"Архив\Xparse(console)","03-Xparse(console)","ipch\xparse(console)-983e57e9\xparse(console)-d23566c3.ipch","3080192","2021-03-15T17:18:13.5532767Z","2014-02-23T16:10:04.0000000Z","2022-02-07T00:18:53.0000000Z","533536","8635319ee9734f94c18973cdc1feeb913941aa45181d5079cb1f313bb5b5e3e9","metadata-only","generated-file:.ipch","","",""
"Архив\Xparse(console)","03-Xparse(console)","Xparse(console).sdf","13369344","2021-03-15T17:18:18.3365700Z","2014-02-23T18:50:37.0000000Z","2022-02-07T00:19:16.0000000Z","533536","c6546ff7d6f7a5a79649504cbf74dfb9266a28b56c810fbf58a1efcbd64aaa2d","metadata-only","generated-file:.sdf","","",""
"Архив\Xparse(console)","03-Xparse(console)","Xparse(console).sln","991","2021-03-15T17:18:18.3365700Z","2014-02-17T12:59:07.0000000Z","2022-02-07T00:19:16.0000000Z","533536","b5b95e194cf2542c492c6d548ada5e75afd70859e0bec493ceb54848160403df","included-exact","source-only-history","original-source\03-Xparse(console)\Xparse(console).sln","991","b5b95e194cf2542c492c6d548ada5e75afd70859e0bec493ceb54848160403df"
"Архив\Xparse(console)","03-Xparse(console)","Xparse(console).v12.suo","19456","2021-03-15T17:18:18.3365700Z","2014-02-23T18:50:37.0000000Z","2022-02-07T00:19:16.0000000Z","533536","6c167321e219cfb5e45a7c92d5400e9dcfadd8a8058238e2559313d4839ffa03","metadata-only","generated-file:.suo","","",""
"Архив\Xparse(console)","03-Xparse(console)","Xparse(console)\Debug\stdafx.obj","12048","2021-03-15T17:18:13.5688977Z","2014-02-17T13:01:16.0000000Z","2022-02-07T00:18:53.0000000Z","533536","babf14d6a7fb0c7c05ecca7d56e39ada73f77061a7a2e9239348ae51398c021c","metadata-only","generated-file:.obj","","",""
"Архив\Xparse(console)","03-Xparse(console)","Xparse(console)\Debug\vc120.idb","297984","2021-03-15T17:18:13.5688977Z","2014-02-23T16:10:19.0000000Z","2022-02-07T00:18:53.0000000Z","533536","ea28d5fdffbb6d06224eaff106b47060dba2fe498fdd81c5d40945b551d3cf37","metadata-only","generated-file:.idb","","",""
"Архив\Xparse(console)","03-Xparse(console)","Xparse(console)\Debug\vc120.pdb","430080","2021-03-15T17:18:13.5532767Z","2014-02-23T16:10:18.0000000Z","2022-02-07T00:18:53.0000000Z","533536","3ac27f0eb23da8c58577e3e05bcf1446cb330bb3004417851282af49e763a12b","metadata-only","generated-file:.pdb","","",""
"Архив\Xparse(console)","03-Xparse(console)","Xparse(console)\Debug\Xparse(console).log","1843","2021-03-15T17:18:13.5532767Z","2014-02-23T16:10:19.0000000Z","2022-02-07T00:18:53.0000000Z","533536","ac79401c22e26239e89a54e2f00b62c5beea8e9bc98189c85c472dd99c636e71","metadata-only","generated-file:.log","","",""
"Архив\Xparse(console)","03-Xparse(console)","Xparse(console)\Debug\Xparse(console).obj","279436","2021-03-15T17:18:13.5532767Z","2014-02-23T16:10:18.0000000Z","2022-02-07T00:18:53.0000000Z","533536","2c9c4f22125bd47013ae08bf049718e74fe0d705d1a214fe7adf6229b4449e77","metadata-only","generated-file:.obj","","",""
"Архив\Xparse(console)","03-Xparse(console)","Xparse(console)\Debug\Xparse(console).pch","1638400","2021-03-15T17:18:13.5532767Z","2014-02-17T13:01:16.0000000Z","2022-02-07T00:18:53.0000000Z","533536","cba05768c05dbb541028743f0e58d25783c4e5f303d40e2a4f75a156477197df","metadata-only","generated-file:.pch","","",""
"Архив\Xparse(console)","03-Xparse(console)","Xparse(console)\Debug\Xparse(console).tlog\cl.command.1.tlog","1726","2021-03-15T17:18:10.1009681Z","2014-02-23T16:10:19.0000000Z","2022-02-07T00:18:49.0000000Z","533536","4d5fc44e1c6b27a5cae23aeb46f81ce4442446ea11e92b2a696db91ee1ecfdf1","metadata-only","generated-file:.tlog","","",""
"Архив\Xparse(console)","03-Xparse(console)","Xparse(console)\Debug\Xparse(console).tlog\CL.read.1.tlog","14054","2021-03-15T17:18:10.1009681Z","2014-02-23T16:10:19.0000000Z","2022-02-07T00:18:49.0000000Z","533536","5363b2b4a7f3a792c41f036849156b5fc8fc51a52fcac5cd1824f2146b0ef647","metadata-only","generated-file:.tlog","","",""
"Архив\Xparse(console)","03-Xparse(console)","Xparse(console)\Debug\Xparse(console).tlog\CL.write.1.tlog","1594","2021-03-15T17:18:10.0853461Z","2014-02-23T16:10:19.0000000Z","2022-02-07T00:18:49.0000000Z","533536","441e00f6339750133fb9a96700cf4d4dcaa9893ce800abd31979d35cf6cc555b","metadata-only","generated-file:.tlog","","",""
"Архив\Xparse(console)","03-Xparse(console)","Xparse(console)\Debug\Xparse(console).tlog\link.command.1.tlog","1598","2021-03-15T17:18:10.0853461Z","2014-02-23T16:10:19.0000000Z","2022-02-07T00:18:49.0000000Z","533536","6f0873170300f758cc3648587821c5cc6a524fa039dcc0d24b384869052d2229","metadata-only","generated-file:.tlog","","",""
"Архив\Xparse(console)","03-Xparse(console)","Xparse(console)\Debug\Xparse(console).tlog\link.read.1 1.tlog","3446","2021-03-15T17:18:10.0853461Z","2014-02-23T16:10:19.0000000Z","2022-02-07T00:18:49.0000000Z","533536","be6ac01b23f8123e6c40cc919dca21bd89b14de3a8c1456a969b1334a8d0e85f","metadata-only","generated-file:.tlog","","",""
"Архив\Xparse(console)","03-Xparse(console)","Xparse(console)\Debug\Xparse(console).tlog\link.read.1.tlog","3054","2021-03-15T17:18:10.0853461Z","2014-02-23T16:10:19.0000000Z","2022-02-07T00:18:49.0000000Z","533536","85bb8c00e157bdc12d5b8615c73d55aaf2f109a29e404451b1c76850ccbb9ff3","metadata-only","generated-file:.tlog","","",""
"Архив\Xparse(console)","03-Xparse(console)","Xparse(console)\Debug\Xparse(console).tlog\link.write.1.tlog","848","2021-03-15T17:18:10.0853461Z","2014-02-23T16:10:19.0000000Z","2022-02-07T00:18:49.0000000Z","533536","f791bcd901eaaa37d10a53f9ad65f79e85a16098e708f3911a32880ca1c55da7","metadata-only","generated-file:.tlog","","",""
"Архив\Xparse(console)","03-Xparse(console)","Xparse(console)\Debug\Xparse(console).tlog\Xparse(console).lastbuildstate","195","2021-03-15T17:18:10.0853461Z","2014-02-23T16:10:19.0000000Z","2022-02-07T00:18:49.0000000Z","533536","dc68353dc445ba77a1d7b3dc4e85faf42822a8f17ef1e389b97ab02a42564947","metadata-only","generated-file:.lastbuildstate","","",""
"Архив\Xparse(console)","03-Xparse(console)","Xparse(console)\ReadMe.txt","2679","2021-03-15T17:18:17.3368061Z","2014-02-17T12:59:07.0000000Z","2022-02-07T00:19:09.0000000Z","533536","42e05f2baefe8d5b36ae62148e7a5ce5f903e0dd404eee535d9a32932a2f4c0d","included-exact","source-only-history","original-source\03-Xparse(console)\Xparse(console)\ReadMe.txt","2679","42e05f2baefe8d5b36ae62148e7a5ce5f903e0dd404eee535d9a32932a2f4c0d"
"Архив\Xparse(console)","03-Xparse(console)","Xparse(console)\stdafx.cpp","362","2021-03-15T17:18:17.3368061Z","2014-02-17T12:59:07.0000000Z","2026-07-14T01:20:27.4585992Z","533536","e43ce9cb09e7e0abd795daa9a0f88c4412a87df668e2f4bfa85950b073014aff","included-exact","source-only-history","original-source\03-Xparse(console)\Xparse(console)\stdafx.cpp","362","e43ce9cb09e7e0abd795daa9a0f88c4412a87df668e2f4bfa85950b073014aff"
"Архив\Xparse(console)","03-Xparse(console)","Xparse(console)\stdafx.h","363","2021-03-15T17:18:17.3368061Z","2014-02-17T12:59:07.0000000Z","2026-07-14T01:20:27.4595987Z","533536","a81406dd759e40f4ecbc93c232a276d82681ca151dede0d6fe5a9ae0c00c2ea5","included-exact","source-only-history","original-source\03-Xparse(console)\Xparse(console)\stdafx.h","363","a81406dd759e40f4ecbc93c232a276d82681ca151dede0d6fe5a9ae0c00c2ea5"
"Архив\Xparse(console)","03-Xparse(console)","Xparse(console)\targetver.h","342","2021-03-15T17:18:17.3368061Z","2014-02-17T12:59:07.0000000Z","2026-07-14T01:20:27.4615988Z","533536","53a2e8e17f1d4171ab23c2d920d05e269bdfe3a980298335fafb2b49c29ad228","included-exact","source-only-history","original-source\03-Xparse(console)\Xparse(console)\targetver.h","342","53a2e8e17f1d4171ab23c2d920d05e269bdfe3a980298335fafb2b49c29ad228"
"Архив\Xparse(console)","03-Xparse(console)","Xparse(console)\Xparse(console).cpp","632","2021-03-15T17:18:17.3368061Z","2014-02-17T21:21:24.0000000Z","2026-07-14T01:20:27.4625998Z","533536","af0d5cde3a13c57a5fd6ac76f30d8f6b2240a61671ecafa2a5c453ae64308ed6","included-exact","source-only-history","original-source\03-Xparse(console)\Xparse(console)\Xparse(console).cpp","632","af0d5cde3a13c57a5fd6ac76f30d8f6b2240a61671ecafa2a5c453ae64308ed6"
"Архив\Xparse(console)","03-Xparse(console)","Xparse(console)\Xparse(console).vcxproj","4547","2021-03-15T17:18:17.3368061Z","2014-02-17T12:59:07.0000000Z","2022-02-07T00:19:09.0000000Z","533536","bcaaa189dece409d018cf7c8c66fe14c1778af48adce5aaf3d02843be96dfbc7","included-exact","source-only-history","original-source\03-Xparse(console)\Xparse(console)\Xparse(console).vcxproj","4547","bcaaa189dece409d018cf7c8c66fe14c1778af48adce5aaf3d02843be96dfbc7"
"Архив\Xparse(console)","03-Xparse(console)","Xparse(console)\Xparse(console).vcxproj.filters","1502","2021-03-15T17:18:17.3368061Z","2014-02-17T12:59:07.0000000Z","2022-02-07T00:19:09.0000000Z","533536","4d10d2daa0373af47f0e459be8cf63e4b2e69fc5c8bbd3d49994a0911fe7fc43","included-exact","source-only-history","original-source\03-Xparse(console)\Xparse(console)\Xparse(console).vcxproj.filters","1502","4d10d2daa0373af47f0e459be8cf63e4b2e69fc5c8bbd3d49994a0911fe7fc43"
"Архив\Xparser","04-Xparser","Debug\Xparser\App.xbf","678","2021-03-15T17:18:14.8654667Z","2014-02-16T16:56:37.0000000Z","2022-02-07T00:18:53.0000000Z","533536","bf544e3280569c9efebae053bff30110f6a231694519bbb08024374d2713bfeb","metadata-only","generated-or-dependency:Debug","","",""
"Архив\Xparser","04-Xparser","Debug\Xparser\AppX\App.xbf","678","2021-03-15T17:18:11.1475952Z","2014-02-16T16:56:37.0000000Z","2022-02-07T00:18:49.0000000Z","533536","bf544e3280569c9efebae053bff30110f6a231694519bbb08024374d2713bfeb","metadata-only","generated-or-dependency:Debug","","",""
"Архив\Xparser","04-Xparser","Debug\Xparser\AppX\AppxManifest-AlexanderPC.xml","2588","2021-03-15T17:18:00.3094886Z","2014-02-16T16:56:39.0000000Z","2022-02-07T00:18:32.0000000Z","533536","a6796508573b40cdc1d285d3b5cd81c04bd017abb0d1d2c9539bdc904b543caf","metadata-only","generated-or-dependency:Debug","","",""
"Архив\Xparser","04-Xparser","Debug\Xparser\AppX\AppxManifest.xml","2588","2021-03-15T17:18:11.1475952Z","2014-02-16T16:56:39.0000000Z","2022-02-07T00:18:49.0000000Z","533536","a6796508573b40cdc1d285d3b5cd81c04bd017abb0d1d2c9539bdc904b543caf","metadata-only","generated-or-dependency:Debug","","",""
"Архив\Xparser","04-Xparser","Debug\Xparser\AppX\Assets\Logo.scale-100.png","801","2021-03-15T17:18:05.9649972Z","2013-09-23T15:36:44.0000000Z","2022-05-11T12:42:28.0000000Z","533536","54be80ae48e4242d56170248e730ffac60a2828d07260a048e2ac0fd62386234","metadata-only","generated-or-dependency:Debug","","",""
"Архив\Xparser","04-Xparser","Debug\Xparser\AppX\Assets\SmallLogo.scale-100.png","329","2021-03-15T17:18:05.9649972Z","2013-09-23T15:36:44.0000000Z","2022-05-11T12:44:05.0000000Z","533536","36855fbbc6c297223cd449a67d02f9c976dd3e432c9905b4ffc6af8f1eec47a9","metadata-only","generated-or-dependency:Debug","","",""
"Архив\Xparser","04-Xparser","Debug\Xparser\AppX\Assets\SplashScreen.scale-100.png","2146","2021-03-15T17:18:05.9649972Z","2013-09-23T15:36:44.0000000Z","2022-05-11T12:42:28.0000000Z","533536","1dbcfb098cbbb33da94a6f4c28f2de82d9724b2854b5599a79f967f776f0fe36","metadata-only","generated-or-dependency:Debug","","",""
"Архив\Xparser","04-Xparser","Debug\Xparser\AppX\Assets\StoreLogo.scale-100.png","429","2021-03-15T17:18:05.9649972Z","2013-09-23T15:36:44.0000000Z","2022-05-11T12:44:05.0000000Z","533536","dc825fcb94ff61d3b39368c27d311bdf74730e5ea9244472e5bfe511a1224b43","metadata-only","generated-or-dependency:Debug","","",""
"Архив\Xparser","04-Xparser","Debug\Xparser\AppX\MainPage.xbf","4194","2021-03-15T17:18:11.1475952Z","2014-02-17T16:06:32.0000000Z","2022-02-07T00:18:49.0000000Z","533536","98a0e2261308507b1bd16ffff131c2f54bec953f0001f4c5c7392752bc09c2c8","metadata-only","generated-or-dependency:Debug","","",""
"Архив\Xparser","04-Xparser","Debug\Xparser\AppX\microsoft.system.package.metadata\S-1-5-21-2916265200-2798880569-1913805576-1002.pckgdep","3016","2021-03-15T17:18:05.9649972Z","2014-02-13T21:16:37.0000000Z","2022-02-07T00:18:38.0000000Z","533536","192f1e6893c4364ea2b82668845686dbe012b2d6a1823ca5586a1862032bc25a","metadata-only","generated-or-dependency:Debug","","",""
"Архив\Xparser","04-Xparser","Debug\Xparser\AppX\resources.pri","2216","2021-03-15T17:18:11.1475952Z","2014-02-16T16:56:39.0000000Z","2022-02-07T00:18:49.0000000Z","533536","40358f8354a536124d0f59c0be5e3c6c05744ede1aa550cf9c6c9447a69b7969","metadata-only","generated-or-dependency:Debug","","",""
"Архив\Xparser","04-Xparser","Debug\Xparser\AppX\vs.appxrecipe","5802","2021-03-15T17:18:11.1475952Z","2014-02-23T16:09:46.0000000Z","2022-02-07T00:18:49.0000000Z","533536","af6c7c88bed14e50917e2e73c2f8c7dcde1cd5b159014398fefe47da8c9fcd13","metadata-only","generated-or-dependency:Debug","","",""
"Архив\Xparser","04-Xparser","Debug\Xparser\AppX\Xparser.exe","2375168","2021-03-15T17:18:11.1475952Z","2014-02-23T16:09:45.0000000Z","2022-02-07T00:18:49.0000000Z","533536","359d8b84385505bd03efd2044c0657265df5cf9dc18304bdde36c6965b77859a","metadata-only","preserved-deliverable","","",""
"Архив\Xparser","04-Xparser","Debug\Xparser\AppX\Xparser.winmd","2048","2021-03-15T17:18:11.1475952Z","2014-02-16T16:56:37.0000000Z","2022-02-07T00:18:49.0000000Z","533536","a2eb18e7549d04d1be4715d3f2936ef5a903a9b28a5f7ce6ca95d9f6fe20ac01","metadata-only","generated-or-dependency:Debug","","",""
"Архив\Xparser","04-Xparser","Debug\Xparser\AppxManifest-AlexanderPC.xml","2588","2021-03-15T17:18:00.2938677Z","2014-02-16T16:56:39.0000000Z","2022-02-07T00:18:32.0000000Z","533536","a6796508573b40cdc1d285d3b5cd81c04bd017abb0d1d2c9539bdc904b543caf","metadata-only","generated-or-dependency:Debug","","",""
"Архив\Xparser","04-Xparser","Debug\Xparser\AppxManifest.xml","2588","2021-03-15T17:18:14.8654667Z","2014-02-16T16:56:39.0000000Z","2022-02-07T00:18:53.0000000Z","533536","a6796508573b40cdc1d285d3b5cd81c04bd017abb0d1d2c9539bdc904b543caf","metadata-only","generated-or-dependency:Debug","","",""
"Архив\Xparser","04-Xparser","Debug\Xparser\MainPage.xbf","4194","2021-03-15T17:18:14.8654667Z","2014-02-17T16:06:32.0000000Z","2022-02-07T00:18:53.0000000Z","533536","98a0e2261308507b1bd16ffff131c2f54bec953f0001f4c5c7392752bc09c2c8","metadata-only","generated-or-dependency:Debug","","",""
"Архив\Xparser","04-Xparser","Debug\Xparser\resources.pri","2216","2021-03-15T17:18:14.8654667Z","2014-02-16T16:56:39.0000000Z","2022-02-07T00:18:53.0000000Z","533536","40358f8354a536124d0f59c0be5e3c6c05744ede1aa550cf9c6c9447a69b7969","metadata-only","generated-or-dependency:Debug","","",""
"Архив\Xparser","04-Xparser","Debug\Xparser\Xparser.build.appxrecipe","4679","2021-03-15T17:18:14.8498460Z","2014-02-23T16:09:46.0000000Z","2022-02-07T00:18:53.0000000Z","533536","c9a8085557fff234606ac45d41bb0017eb2a6f0979ca7ab4cc2949e64521fad4","metadata-only","generated-or-dependency:Debug","","",""
"Архив\Xparser","04-Xparser","Debug\Xparser\Xparser.exe","2375168","2021-03-15T17:18:14.8498460Z","2014-02-23T16:09:45.0000000Z","2022-02-07T00:18:53.0000000Z","533536","359d8b84385505bd03efd2044c0657265df5cf9dc18304bdde36c6965b77859a","metadata-only","preserved-deliverable","","",""
"Архив\Xparser","04-Xparser","Debug\Xparser\Xparser.exp","1009","2021-03-15T17:18:14.8498460Z","2014-02-23T16:09:45.0000000Z","2022-02-07T00:18:53.0000000Z","533536","09662d03e497a261c0a536a6fd798befcf6bf2ba37b1f59e4b75895e83c94caa","metadata-only","generated-file:.exp","","",""
"Архив\Xparser","04-Xparser","Debug\Xparser\Xparser.ilk","6772980","2021-03-15T17:18:14.8498460Z","2014-02-23T16:09:46.0000000Z","2022-02-07T00:18:53.0000000Z","533536","0e9483b98615356adf50b1bbf3ea95438a75961230c68bf45a455ab08c5efcb2","metadata-only","generated-file:.ilk","","",""
"Архив\Xparser","04-Xparser","Debug\Xparser\Xparser.lib","1528","2021-03-15T17:18:14.8498460Z","2014-02-23T16:09:45.0000000Z","2022-02-07T00:18:53.0000000Z","533536","0b5ee86032f197161e11469f57919b3c55ac8b509a59324168dc874dfae3d0c8","metadata-only","generated-file:.lib","","",""
"Архив\Xparser","04-Xparser","Debug\Xparser\Xparser.pdb","20220928","2021-03-15T17:18:14.8654667Z","2014-02-23T16:09:46.0000000Z","2022-02-07T00:18:53.0000000Z","533536","6e00898aa1469fe4402cd258a57a95e97d62714d3720bfcc0fa9b6c534390513","metadata-only","generated-file:.pdb","","",""
"Архив\Xparser","04-Xparser","Debug\Xparser\Xparser.winmd","2048","2021-03-15T17:18:14.8498460Z","2014-02-16T16:56:37.0000000Z","2022-02-07T00:18:53.0000000Z","533536","a2eb18e7549d04d1be4715d3f2936ef5a903a9b28a5f7ce6ca95d9f6fe20ac01","metadata-only","generated-or-dependency:Debug","","",""
"Архив\Xparser","04-Xparser","ipch\xparser-fb0be353\xparser-73316791.ipch","89718784","2021-03-15T17:18:14.7248746Z","2014-02-23T16:09:52.0000000Z","2022-02-07T00:18:53.0000000Z","533536","9723dfddcf027a17b31fbddfe45531c294152c891d6819f45d3fc91e922ff270","metadata-only","generated-file:.ipch","","",""
"Архив\Xparser","04-Xparser","Xparser.sdf","52428800","2021-03-15T17:18:19.2269843Z","2014-02-23T16:10:01.0000000Z","2022-02-07T00:19:16.0000000Z","533536","9a071482db3b1d1b87915effee9f682ef1dd7f8df57e060b8a45ed9241f8fc34","metadata-only","generated-file:.sdf","","",""
"Архив\Xparser","04-Xparser","Xparser.sln","2133","2021-03-15T17:18:19.2269843Z","2014-02-13T21:14:42.0000000Z","2022-02-07T00:19:16.0000000Z","533536","d6e979ae5832fa8b0fd6b9c00ff7f65ede2b9b8b1c49a51b8d0c6dec20c279a7","included-exact","source-only-history","original-source\04-Xparser\Xparser.sln","2133","d6e979ae5832fa8b0fd6b9c00ff7f65ede2b9b8b1c49a51b8d0c6dec20c279a7"
"Архив\Xparser","04-Xparser","Xparser.v12.suo","45568","2021-03-15T17:18:19.2269843Z","2014-02-23T16:10:01.0000000Z","2022-02-07T00:19:16.0000000Z","533536","50be64ea6d1d26f090f28e03932dec559679c1ee1b0a501507b0ab3ed2ec61b1","metadata-only","generated-file:.suo","","",""
"Архив\Xparser","04-Xparser","Xparser\App.xaml","227","2021-03-15T17:18:18.1959782Z","2014-02-13T21:13:54.0000000Z","2026-07-14T01:20:27.5138379Z","533536","b55195dd6d880935da2a203d390f375abab2ebab93d883371030e26b6d13369c","included-exact","source-only-history","original-source\04-Xparser\Xparser\App.xaml","227","b55195dd6d880935da2a203d390f375abab2ebab93d883371030e26b6d13369c"
"Архив\Xparser","04-Xparser","Xparser\App.xaml.cpp","6190","2021-03-15T17:18:18.1959782Z","2014-02-13T21:13:54.0000000Z","2026-07-14T01:20:27.5165427Z","533536","b1efde4aedea935a2503a6a80ac784b5c112450b21ecc27c52e174512445ad8e","included-exact","source-only-history","original-source\04-Xparser\Xparser\App.xaml.cpp","6190","b1efde4aedea935a2503a6a80ac784b5c112450b21ecc27c52e174512445ad8e"
"Архив\Xparser","04-Xparser","Xparser\App.xaml.h","775","2021-03-15T17:18:18.1959782Z","2014-02-13T21:13:54.0000000Z","2026-07-14T01:20:27.5187447Z","533536","1e8749bf99813426e8f5aa3bb59c3e7bf4d8594a6eb5474bf561e829b46de32c","included-exact","source-only-history","original-source\04-Xparser\Xparser\App.xaml.h","775","1e8749bf99813426e8f5aa3bb59c3e7bf4d8594a6eb5474bf561e829b46de32c"
"Архив\Xparser","04-Xparser","Xparser\Assets\Logo.scale-100.png","801","2021-03-15T17:18:14.8498460Z","2013-09-23T15:36:44.0000000Z","2026-06-16T00:42:11.7537298Z","533536","54be80ae48e4242d56170248e730ffac60a2828d07260a048e2ac0fd62386234","included-exact","source-only-history","original-source\04-Xparser\Xparser\Assets\Logo.scale-100.png","801","54be80ae48e4242d56170248e730ffac60a2828d07260a048e2ac0fd62386234"
"Архив\Xparser","04-Xparser","Xparser\Assets\SmallLogo.scale-100.png","329","2021-03-15T17:18:14.8342242Z","2013-09-23T15:36:44.0000000Z","2026-06-16T00:42:11.7597290Z","533536","36855fbbc6c297223cd449a67d02f9c976dd3e432c9905b4ffc6af8f1eec47a9","included-exact","source-only-history","original-source\04-Xparser\Xparser\Assets\SmallLogo.scale-100.png","329","36855fbbc6c297223cd449a67d02f9c976dd3e432c9905b4ffc6af8f1eec47a9"
"Архив\Xparser","04-Xparser","Xparser\Assets\SplashScreen.scale-100.png","2146","2021-03-15T17:18:14.8498460Z","2013-09-23T15:36:44.0000000Z","2026-06-16T00:42:11.1817317Z","533536","1dbcfb098cbbb33da94a6f4c28f2de82d9724b2854b5599a79f967f776f0fe36","included-exact","source-only-history","original-source\04-Xparser\Xparser\Assets\SplashScreen.scale-100.png","2146","1dbcfb098cbbb33da94a6f4c28f2de82d9724b2854b5599a79f967f776f0fe36"
"Архив\Xparser","04-Xparser","Xparser\Assets\StoreLogo.scale-100.png","429","2021-03-15T17:18:14.8498460Z","2013-09-23T15:36:44.0000000Z","2026-06-16T00:42:11.1697298Z","533536","dc825fcb94ff61d3b39368c27d311bdf74730e5ea9244472e5bfe511a1224b43","included-exact","source-only-history","original-source\04-Xparser\Xparser\Assets\StoreLogo.scale-100.png","429","dc825fcb94ff61d3b39368c27d311bdf74730e5ea9244472e5bfe511a1224b43"
"Архив\Xparser","04-Xparser","Xparser\Debug\App.xaml.obj","3807242","2021-03-15T17:18:14.8342242Z","2014-02-23T15:48:01.0000000Z","2022-02-07T00:18:53.0000000Z","533536","90afde388dccc1ddc94bf61d4a1cbb229290a1b28cb16ef926838901f1f16cca","metadata-only","generated-file:.obj","","",""
"Архив\Xparser","04-Xparser","Xparser\Debug\layout.resfiles","149","2021-03-15T17:18:14.8342242Z","2014-02-16T16:56:39.0000000Z","2022-02-07T00:18:53.0000000Z","533536","c97bc1db62ea09454c2694a3b0ee9d5fe659e39ec0c6cb4e189f7d68d160f5dd","metadata-only","generated-or-dependency:Debug","","",""
"Архив\Xparser","04-Xparser","Xparser\Debug\layout.resfiles.intermediate","149","2021-03-15T17:18:14.8342242Z","2014-02-16T16:56:39.0000000Z","2022-02-07T00:18:53.0000000Z","533536","c97bc1db62ea09454c2694a3b0ee9d5fe659e39ec0c6cb4e189f7d68d160f5dd","metadata-only","generated-or-dependency:Debug","","",""
"Архив\Xparser","04-Xparser","Xparser\Debug\MainPage.xaml.obj","6328391","2021-03-15T17:18:14.8342242Z","2014-02-23T16:09:44.0000000Z","2022-02-07T00:18:53.0000000Z","533536","ac288373fe0715689f8eb0cbcc14417ec6840e1e7eb3e284de66c01f8b586c86","metadata-only","generated-file:.obj","","",""
"Архив\Xparser","04-Xparser","Xparser\Debug\MultipleQualifiersPerDimensionFound.txt","5","2021-03-15T17:18:14.8342242Z","2014-02-16T16:56:39.0000000Z","2022-02-07T00:18:53.0000000Z","533536","60a33e6cf5151f2d52eddae9685cfa270426aa89d8dbc7dfb854606f1d1a40fe","metadata-only","generated-or-dependency:Debug","","",""
"Архив\Xparser","04-Xparser","Xparser\Debug\pch.obj","4322340","2021-03-15T17:18:14.8342242Z","2014-02-16T16:55:51.0000000Z","2022-02-07T00:18:53.0000000Z","533536","4dafbff630ce76a06ebaf9d615fcf972f8103db8965ea834f33c8e975a648d7e","metadata-only","generated-file:.obj","","",""
"Архив\Xparser","04-Xparser","Xparser\Debug\pri.resfiles","0","2021-03-15T17:18:14.8186025Z","2014-02-16T16:56:39.0000000Z","2022-02-07T00:18:53.0000000Z","533536","e3b0c44298fc1c149afbf4c8996fb92427ae41e4649b934ca495991b7852b855","metadata-only","generated-or-dependency:Debug","","",""
"Архив\Xparser","04-Xparser","Xparser\Debug\pri.resfiles.intermediate","0","2021-03-15T17:18:14.8186025Z","2014-02-16T16:56:39.0000000Z","2022-02-07T00:18:53.0000000Z","533536","e3b0c44298fc1c149afbf4c8996fb92427ae41e4649b934ca495991b7852b855","metadata-only","generated-or-dependency:Debug","","",""
"Архив\Xparser","04-Xparser","Xparser\Debug\priconfig-AlexanderPC.xml","1969","2021-03-15T17:18:00.2938677Z","2014-02-16T16:56:39.0000000Z","2022-02-07T00:18:32.0000000Z","533536","d66832e571bf6a72f26ddf6fa8fc1a3d1b3aa6cfc8797439db9714059182af07","metadata-only","generated-or-dependency:Debug","","",""
"Архив\Xparser","04-Xparser","Xparser\Debug\priconfig.xml","1969","2021-03-15T17:18:14.8342242Z","2014-02-16T16:56:39.0000000Z","2022-02-07T00:18:53.0000000Z","533536","d66832e571bf6a72f26ddf6fa8fc1a3d1b3aa6cfc8797439db9714059182af07","metadata-only","generated-or-dependency:Debug","","",""
"Архив\Xparser","04-Xparser","Xparser\Debug\priconfig.xml.intermediate","1969","2021-03-15T17:18:14.8186025Z","2014-02-16T16:56:39.0000000Z","2022-02-07T00:18:53.0000000Z","533536","d66832e571bf6a72f26ddf6fa8fc1a3d1b3aa6cfc8797439db9714059182af07","metadata-only","generated-or-dependency:Debug","","",""
"Архив\Xparser","04-Xparser","Xparser\Debug\ProjectArchitectures.txt","83","2021-03-15T17:18:14.8186025Z","2014-02-16T16:56:39.0000000Z","2022-02-07T00:18:53.0000000Z","533536","6bbd88ba7bf4184c2c814d020776422c49fbe6a7bd87b4c3a5e4c0db7d1ec6eb","metadata-only","generated-or-dependency:Debug","","",""
"Архив\Xparser","04-Xparser","Xparser\Debug\qualifiers.txt","11","2021-03-15T17:18:14.8186025Z","2014-02-16T16:56:39.0000000Z","2022-02-07T00:18:53.0000000Z","533536","ea4ef3235decc2aca7f92e5df51326e2c81a2b49b7f0ab106b780c36de76c238","metadata-only","generated-or-dependency:Debug","","",""
"Архив\Xparser","04-Xparser","Xparser\Debug\qualifiers.txt.intermediate","11","2021-03-15T17:18:14.8186025Z","2014-02-16T16:56:39.0000000Z","2022-02-07T00:18:53.0000000Z","533536","ea4ef3235decc2aca7f92e5df51326e2c81a2b49b7f0ab106b780c36de76c238","metadata-only","generated-or-dependency:Debug","","",""
"Архив\Xparser","04-Xparser","Xparser\Debug\resources.resfiles","0","2021-03-15T17:18:14.8186025Z","2014-02-16T16:56:39.0000000Z","2022-02-07T00:18:53.0000000Z","533536","e3b0c44298fc1c149afbf4c8996fb92427ae41e4649b934ca495991b7852b855","metadata-only","generated-or-dependency:Debug","","",""
"Архив\Xparser","04-Xparser","Xparser\Debug\resources.resfiles.intermediate","0","2021-03-15T17:18:23.6583353Z","2014-02-16T16:56:39.0000000Z","2022-02-07T00:19:37.0000000Z","533536","e3b0c44298fc1c149afbf4c8996fb92427ae41e4649b934ca495991b7852b855","metadata-only","generated-or-dependency:Debug","","",""
"Архив\Xparser","04-Xparser","Xparser\Debug\vc120.idb","633856","2021-03-15T17:18:14.8186025Z","2014-02-23T16:09:45.0000000Z","2022-02-07T00:18:53.0000000Z","533536","6183feb77be969176a44cf6e08c0a7772435bf7941667d884e8c02fdaf0c4e8c","metadata-only","generated-file:.idb","","",""
"Архив\Xparser","04-Xparser","Xparser\Debug\vc120.pdb","8695808","2021-03-15T17:18:14.8186025Z","2014-02-23T16:09:45.0000000Z","2022-02-07T00:18:53.0000000Z","533536","4ea1c854c47086782f9808d8e1518cc8fb81a8a68df6f36836873bcb0ff1f94d","metadata-only","generated-file:.pdb","","",""
"Архив\Xparser","04-Xparser","Xparser\Debug\XamlSaveStateFile-AlexanderPC.xml","497","2021-03-15T17:18:00.2938677Z","2014-02-23T16:09:44.0000000Z","2022-02-07T00:18:32.0000000Z","533536","256a056fcf1146da5f19be2e44a699ec16594cf45c68f122be376685d26230bf","metadata-only","generated-or-dependency:Debug","","",""
"Архив\Xparser","04-Xparser","Xparser\Debug\XamlSaveStateFile.xml","497","2021-03-15T17:18:14.8186025Z","2014-02-23T16:09:44.0000000Z","2022-02-07T00:18:53.0000000Z","533536","256a056fcf1146da5f19be2e44a699ec16594cf45c68f122be376685d26230bf","metadata-only","generated-or-dependency:Debug","","",""
"Архив\Xparser","04-Xparser","Xparser\Debug\XamlTypeInfo.g.obj","5851327","2021-03-15T17:18:14.8186025Z","2014-02-23T16:09:45.0000000Z","2022-02-07T00:18:53.0000000Z","533536","976fc2560382d4800cf25a10422dbfd9e6d789bd3565b78d1f58c060daed4363","metadata-only","generated-file:.obj","","",""
"Архив\Xparser","04-Xparser","Xparser\Debug\XamlTypeInfo.Impl.g.obj","3041968","2021-03-15T17:18:14.8029817Z","2014-02-16T16:55:52.0000000Z","2022-02-07T00:18:53.0000000Z","533536","23e8aa8b9cd7a593cc9bb7849c59ab2eb2c855b0bd3dd052006515b20eb1917f","metadata-only","generated-file:.obj","","",""
"Архив\Xparser","04-Xparser","Xparser\Debug\Xparser.Build.CppClean.log","1545","2021-03-15T17:18:14.8029817Z","2014-02-16T16:55:48.0000000Z","2022-02-07T00:18:53.0000000Z","533536","fa240dcd7fd659ad3cb55e43423b089177459158fe1d2ea647f1c5b6453af741","metadata-only","generated-file:.log","","",""
"Архив\Xparser","04-Xparser","Xparser\Debug\Xparser.log","4541","2021-03-15T17:18:14.8029817Z","2014-02-23T16:09:46.0000000Z","2022-02-07T00:18:53.0000000Z","533536","6f9baf1ecc993f1ac5cf9d55ae365e31d0533a9009c6e393030e85b77e141b9a","metadata-only","generated-file:.log","","",""
"Архив\Xparser","04-Xparser","Xparser\Debug\Xparser.pch","50462720","2021-03-15T17:18:14.8029817Z","2014-02-16T16:55:50.0000000Z","2022-02-07T00:18:53.0000000Z","533536","317352c9f624ccc6b61f560385486856c7ec7d91d256d5167ec01f57f58d0251","metadata-only","generated-file:.pch","","",""
"Архив\Xparser","04-Xparser","Xparser\Debug\Xparser.tlog\cl.command.1 1.tlog","8848","2021-03-15T17:18:11.1475952Z","2014-02-16T17:48:59.0000000Z","2022-02-07T00:18:50.0000000Z","533536","e18cd320ab9a671c985278c963b01a524595a150f27866e2d64e8f5e7fcdef62","metadata-only","generated-file:.tlog","","",""
"Архив\Xparser","04-Xparser","Xparser\Debug\Xparser.tlog\cl.command.1 2.tlog","8848","2021-03-15T17:18:11.1475952Z","2014-02-17T20:04:48.0000000Z","2022-02-07T00:18:50.0000000Z","533536","92ddfd052710c625299e6e47be3bc11dc34bfa4617b8381b7010bfb1432bccf8","metadata-only","generated-file:.tlog","","",""
"Архив\Xparser","04-Xparser","Xparser\Debug\Xparser.tlog\cl.command.1 3.tlog","8848","2021-03-15T17:18:11.1319743Z","2014-02-22T16:36:50.0000000Z","2022-02-07T00:18:50.0000000Z","533536","92ddfd052710c625299e6e47be3bc11dc34bfa4617b8381b7010bfb1432bccf8","metadata-only","generated-file:.tlog","","",""
"Архив\Xparser","04-Xparser","Xparser\Debug\Xparser.tlog\cl.command.1.tlog","8848","2021-03-15T17:18:11.1319743Z","2014-02-23T16:09:45.0000000Z","2022-02-07T00:18:50.0000000Z","533536","7c5eed464956475fb03cb962b4b724b64c305dac2c111b11f8343fabb0fbe171","metadata-only","generated-file:.tlog","","",""
"Архив\Xparser","04-Xparser","Xparser\Debug\Xparser.tlog\CL.read.1 1.tlog","42938","2021-03-15T17:18:11.1319743Z","2014-02-16T17:14:51.0000000Z","2022-02-07T00:18:50.0000000Z","533536","ac37e9d8c76e093bb205fcd72ac6a7e652f67752f8800e674440af8c71b5c526","metadata-only","generated-file:.tlog","","",""
"Архив\Xparser","04-Xparser","Xparser\Debug\Xparser.tlog\CL.read.1 2.tlog","42796","2021-03-15T17:18:11.1319743Z","2014-02-16T17:48:59.0000000Z","2022-02-07T00:18:50.0000000Z","533536","079a301bae1e93d8ff7037a8fbdfed877a8897524eb3cbd05b1a0115ce3bd334","metadata-only","generated-file:.tlog","","",""
"Архив\Xparser","04-Xparser","Xparser\Debug\Xparser.tlog\CL.read.1 3.tlog","42796","2021-03-15T17:18:11.1319743Z","2014-02-16T19:03:16.0000000Z","2022-02-07T00:18:50.0000000Z","533536","079a301bae1e93d8ff7037a8fbdfed877a8897524eb3cbd05b1a0115ce3bd334","metadata-only","generated-file:.tlog","","",""
"Архив\Xparser","04-Xparser","Xparser\Debug\Xparser.tlog\CL.read.1 4.tlog","42796","2021-03-15T17:18:11.1319743Z","2014-02-17T20:04:48.0000000Z","2022-02-07T00:18:49.0000000Z","533536","079a301bae1e93d8ff7037a8fbdfed877a8897524eb3cbd05b1a0115ce3bd334","metadata-only","generated-file:.tlog","","",""
"Архив\Xparser","04-Xparser","Xparser\Debug\Xparser.tlog\CL.read.1 5.tlog","42796","2021-03-15T17:18:11.1319743Z","2014-02-22T16:36:50.0000000Z","2022-02-07T00:18:49.0000000Z","533536","079a301bae1e93d8ff7037a8fbdfed877a8897524eb3cbd05b1a0115ce3bd334","metadata-only","generated-file:.tlog","","",""
"Архив\Xparser","04-Xparser","Xparser\Debug\Xparser.tlog\CL.read.1.tlog","42796","2021-03-15T17:18:11.1319743Z","2014-02-23T16:09:45.0000000Z","2022-02-07T00:18:49.0000000Z","533536","89803fb0ef1b0cc995dc4387b605ec14746820971ca4f6869a13779d367ee695","metadata-only","generated-file:.tlog","","",""
"Архив\Xparser","04-Xparser","Xparser\Debug\Xparser.tlog\CL.write.1 1.tlog","3306","2021-03-15T17:18:11.1319743Z","2014-02-16T17:48:59.0000000Z","2022-02-07T00:18:49.0000000Z","533536","c38c85e7d7129538e1c1c37a69f99179ad4e0a6656af100debeffbbc07945142","metadata-only","generated-file:.tlog","","",""
"Архив\Xparser","04-Xparser","Xparser\Debug\Xparser.tlog\CL.write.1 2.tlog","3880","2021-03-15T17:18:11.1319743Z","2014-02-17T20:04:48.0000000Z","2022-02-07T00:18:49.0000000Z","533536","ddbdf0c2bf337b549af0a0ea377a54a63093db16721ca8d965c4b2bd48e9c9bb","metadata-only","generated-file:.tlog","","",""
"Архив\Xparser","04-Xparser","Xparser\Debug\Xparser.tlog\CL.write.1 3.tlog","3730","2021-03-15T17:18:11.1163529Z","2014-02-22T16:36:50.0000000Z","2022-02-07T00:18:49.0000000Z","533536","a3c9b0a6afe489c0254161305d9152ca80e8ed20222051ab88be36c98507d41c","metadata-only","generated-file:.tlog","","",""
"Архив\Xparser","04-Xparser","Xparser\Debug\Xparser.tlog\CL.write.1.tlog","3730","2021-03-15T17:18:11.1163529Z","2014-02-23T16:09:45.0000000Z","2022-02-07T00:18:49.0000000Z","533536","5fdda9622903ac5ea483293ac9dc3420cca7bbf00ecdd2feb8854a02436e16ba","metadata-only","generated-file:.tlog","","",""
"Архив\Xparser","04-Xparser","Xparser\Debug\Xparser.tlog\link.command.1 1.tlog","3426","2021-03-15T17:18:11.1163529Z","2014-02-17T14:19:23.0000000Z","2022-02-07T00:18:49.0000000Z","533536","bb5b0f1f68c7e4d3f8af2f50145a9ddb5eaaf44664dcbd29db6d701befce11c6","metadata-only","generated-file:.tlog","","",""
"Архив\Xparser","04-Xparser","Xparser\Debug\Xparser.tlog\link.command.1.tlog","3426","2021-03-15T17:18:11.1163529Z","2014-02-23T16:09:46.0000000Z","2022-02-07T00:18:49.0000000Z","533536","bb5b0f1f68c7e4d3f8af2f50145a9ddb5eaaf44664dcbd29db6d701befce11c6","metadata-only","generated-file:.tlog","","",""
"Архив\Xparser","04-Xparser","Xparser\Debug\Xparser.tlog\link.read.1 1 1 1 1 1 1 1 1 1 1 1.tlog","6582","2021-03-15T17:18:11.1163529Z","2014-02-23T16:09:46.0000000Z","2022-02-07T00:18:49.0000000Z","533536","0b928a135f4631c4821c2e7ca9fefdcaf42c217a516c6a6fb10d0b9b108f00ff","metadata-only","generated-file:.tlog","","",""
"Архив\Xparser","04-Xparser","Xparser\Debug\Xparser.tlog\link.write.1 1.tlog","2124","2021-03-15T17:18:11.1163529Z","2014-02-23T16:09:46.0000000Z","2022-02-07T00:18:49.0000000Z","533536","5b126a4b2ce09f8321c8c599a61641840163477bcf8df96f941d78e8d9fb049f","metadata-only","generated-file:.tlog","","",""
"Архив\Xparser","04-Xparser","Xparser\Debug\Xparser.tlog\Xparser.lastbuildstate","183","2021-03-15T17:18:11.0538673Z","2014-02-23T16:09:46.0000000Z","2022-02-07T00:18:49.0000000Z","533536","b0b40caf161f4ecca0369f7f8e0e271774d6eb2908cf2f296c158ef25ca4ae75","metadata-only","generated-file:.lastbuildstate","","",""
"Архив\Xparser","04-Xparser","Xparser\Debug\Xparser.tlog\Xparser.read.1u.tlog","266552","2021-03-15T17:18:11.0538673Z","2014-02-23T16:09:46.0000000Z","2022-02-07T00:18:49.0000000Z","533536","499fb034e9cbc3df6aac7f3aeb359161f042bfe37683e23956478285199e2d54","metadata-only","generated-file:.tlog","","",""
"Архив\Xparser","04-Xparser","Xparser\Debug\Xparser.tlog\Xparser.winmd.lastbuild","0","2021-03-15T17:18:11.0538673Z","2014-02-23T16:09:44.0000000Z","2022-02-07T00:18:49.0000000Z","533536","e3b0c44298fc1c149afbf4c8996fb92427ae41e4649b934ca495991b7852b855","metadata-only","generated-or-dependency:Debug","","",""
"Архив\Xparser","04-Xparser","Xparser\Debug\Xparser.tlog\Xparser.write.1u.tlog","433836","2021-03-15T17:18:11.0538673Z","2014-02-23T16:09:46.0000000Z","2022-02-07T00:18:49.0000000Z","533536","d1f94b4e5ea3d804ca2dc6db4be765f2c970fb959ad423667f5327c2a6da8d50","metadata-only","generated-file:.tlog","","",""
"Архив\Xparser","04-Xparser","Xparser\Debug\Xparser.vcxprojResolveAssemblyReference.cache","2665","2021-03-15T17:18:14.8029817Z","2014-02-16T17:44:44.0000000Z","2022-02-07T00:18:53.0000000Z","533536","cc83fa0349b499ba81a07f02ef4cd5454af202c92ea3782475e7688210927735","metadata-only","generated-file:.cache","","",""
"Архив\Xparser","04-Xparser","Xparser\Generated Files\App.g.h","1255","2021-03-15T17:18:14.8029817Z","2014-02-13T21:13:54.0000000Z","2026-07-14T01:20:27.5301646Z","533536","670362a9831240dac55dc80ee6988507e0688345ff79ecb5c22931ee3e9af797","metadata-only","tracked-original-file","","",""
"Архив\Xparser","04-Xparser","Xparser\Generated Files\App.g.hpp","3708","2021-03-15T17:18:14.8029817Z","2014-02-13T21:13:54.0000000Z","2026-07-14T01:20:27.5317887Z","533536","21149d95b5aa78a1a768cec87ca392784ed951cee6fb0bccd080fe7f998b5d84","metadata-only","tracked-original-file","","",""
"Архив\Xparser","04-Xparser","Xparser\Generated Files\App.xaml","229","2021-03-15T17:18:14.8029817Z","2014-02-13T21:13:54.0000000Z","2026-07-14T01:20:27.5338629Z","533536","0107ea78a2a212a4e00567d0363d0c53e4193f615578087c94acadf0d0766feb","metadata-only","tracked-original-file","","",""
"Архив\Xparser","04-Xparser","Xparser\Generated Files\App.xbf","678","2021-03-15T17:18:14.8029817Z","2014-02-16T16:56:37.0000000Z","2022-02-07T00:18:53.0000000Z","533536","bf544e3280569c9efebae053bff30110f6a231694519bbb08024374d2713bfeb","metadata-only","tracked-original-file","","",""
"Архив\Xparser","04-Xparser","Xparser\Generated Files\MainPage.g.h","1191","2021-03-15T17:18:14.8029817Z","2014-02-17T15:42:57.0000000Z","2026-07-14T01:20:27.5348622Z","533536","a1662b987cd792b15cb09302b821f0fd4aa1f75de9cdd4ea7f3c491cc45ea8e6","metadata-only","tracked-original-file","","",""
"Архив\Xparser","04-Xparser","Xparser\Generated Files\MainPage.g.hpp","2582","2021-03-15T17:18:14.7873599Z","2014-02-17T15:42:57.0000000Z","2026-07-14T01:20:27.5368640Z","533536","337ddec1293d35c29dce7f60daa543ba67fb390bb61525e2b1a5ad87f2ed7b19","metadata-only","tracked-original-file","","",""
"Архив\Xparser","04-Xparser","Xparser\Generated Files\MainPage.xaml","1869","2021-03-15T17:18:14.7248746Z","2014-02-17T15:42:57.0000000Z","2026-07-14T01:20:27.5388646Z","533536","2faa1d018928675a45133f316f004ca588908aa48f59e91285e078ed86374b0f","metadata-only","tracked-original-file","","",""
"Архив\Xparser","04-Xparser","Xparser\Generated Files\MainPage.xbf","4194","2021-03-15T17:18:14.7248746Z","2014-02-17T16:06:32.0000000Z","2022-02-07T00:18:53.0000000Z","533536","98a0e2261308507b1bd16ffff131c2f54bec953f0001f4c5c7392752bc09c2c8","metadata-only","tracked-original-file","","",""
"Архив\Xparser","04-Xparser","Xparser\Generated Files\XamlLibMetadataProvider.g.cpp","7","2021-03-15T17:18:14.7248746Z","2014-02-16T16:55:48.0000000Z","2026-07-14T01:20:27.5408638Z","533536","60116575bb1b6772ed22ba93bfa53bef0a772667da1812c1c3fc0a46cd93bc3e","metadata-only","tracked-original-file","","",""
"Архив\Xparser","04-Xparser","Xparser\Generated Files\XamlTypeInfo.g.cpp","3428","2021-03-15T17:18:14.7248746Z","2014-02-16T16:56:37.0000000Z","2026-07-14T01:20:27.5418671Z","533536","7f7df56d49a63d7b60dfa8e539e9be009ec4c3910f5478601088190445c8750d","metadata-only","tracked-original-file","","",""
"Архив\Xparser","04-Xparser","Xparser\Generated Files\XamlTypeInfo.g.h","12077","2021-03-15T17:18:14.7248746Z","2014-02-16T16:55:48.0000000Z","2026-07-14T01:20:27.5493648Z","533536","96fccef8eefe5228657bbe201498dc7140ba480bb43fe4dc5dbf251dd60b251c","metadata-only","tracked-original-file","","",""
"Архив\Xparser","04-Xparser","Xparser\Generated Files\XamlTypeInfo.Impl.g.cpp","18589","2021-03-15T17:18:14.7248746Z","2014-02-16T16:55:48.0000000Z","2026-07-14T01:20:27.5576947Z","533536","f5df6b8059bc738baf12a4a4ceb313036424865c3d1fcc8a9e04a6a26781f2d6","metadata-only","tracked-original-file","","",""
"Архив\Xparser","04-Xparser","Xparser\MainPage.xaml","1810","2021-03-15T17:18:18.1959782Z","2014-02-17T15:42:57.0000000Z","2026-07-14T01:20:27.5198516Z","533536","c2c758dbe84eb3179e39587d729eba296ec7d4945560958be5bf3e4d8e508576","included-exact","source-only-history","original-source\04-Xparser\Xparser\MainPage.xaml","1810","c2c758dbe84eb3179e39587d729eba296ec7d4945560958be5bf3e4d8e508576"
"Архив\Xparser","04-Xparser","Xparser\MainPage.xaml.cpp","3823","2021-03-15T17:18:18.1803577Z","2014-02-23T16:09:42.0000000Z","2026-07-14T01:20:27.5220258Z","533536","97a8016c0e651bc5f8bbab1228f0f45eca0b72892cb6c18ce71fe3085a9d7924","included-exact","source-only-history","original-source\04-Xparser\Xparser\MainPage.xaml.cpp","3823","97a8016c0e651bc5f8bbab1228f0f45eca0b72892cb6c18ce71fe3085a9d7924"
"Архив\Xparser","04-Xparser","Xparser\MainPage.xaml.h","1039","2021-03-15T17:18:18.1803577Z","2014-02-23T15:48:00.0000000Z","2026-07-14T01:20:27.5252279Z","533536","aca3bd811438f43e9af34294c7e1007e388415d54778ca74962968d0cbd4b7ef","included-exact","source-only-history","original-source\04-Xparser\Xparser\MainPage.xaml.h","1039","aca3bd811438f43e9af34294c7e1007e388415d54778ca74962968d0cbd4b7ef"
"Архив\Xparser","04-Xparser","Xparser\Package.appxmanifest","1321","2021-03-15T17:18:18.1803577Z","2014-02-13T21:13:54.0000000Z","2022-02-07T00:19:09.0000000Z","533536","4e40c41fdacc20106d4dc7afd43f704ede24938725052763182cb17209074821","included-exact","source-only-history","original-source\04-Xparser\Xparser\Package.appxmanifest","1321","4e40c41fdacc20106d4dc7afd43f704ede24938725052763182cb17209074821"
"Архив\Xparser","04-Xparser","Xparser\pch.cpp","193","2021-03-15T17:18:18.1803577Z","2013-10-04T23:46:44.0000000Z","2026-07-14T01:20:27.5269319Z","533536","e26537d8650e2b6b901f2f7acb44d2780fa74a51c76c92abfb5789cbbed39c3f","included-exact","source-only-history","original-source\04-Xparser\Xparser\pch.cpp","193","e26537d8650e2b6b901f2f7acb44d2780fa74a51c76c92abfb5789cbbed39c3f"
"Архив\Xparser","04-Xparser","Xparser\pch.h","212","2021-03-15T17:18:18.1803577Z","2013-10-04T23:46:44.0000000Z","2026-07-14T01:20:27.5285596Z","533536","e84d1dadb8fd543d9df23e32569f1de79bd1aa35771c936a5f3edfb72f957437","included-exact","source-only-history","original-source\04-Xparser\Xparser\pch.h","212","e84d1dadb8fd543d9df23e32569f1de79bd1aa35771c936a5f3edfb72f957437"
"Архив\Xparser","04-Xparser","Xparser\Xparser_TemporaryKey.pfx","2536","2021-03-15T17:18:18.1803577Z","2014-02-13T21:14:42.0000000Z","2022-02-07T00:19:09.0000000Z","533536","0f3655f4f09f8f878ca3723ad6e84eb831c56cdfc1231a37443570c2d3f7c11c","metadata-only","sensitive-key-material-local-only","","",""
"Архив\Xparser","04-Xparser","Xparser\Xparser.vcxproj","9412","2021-03-15T17:18:18.1803577Z","2014-02-13T21:13:54.0000000Z","2022-02-07T00:19:09.0000000Z","533536","11fb06aaf6681d2d41b9cc699a4edddf272c637ea31922ba06e14386297ff31d","included-exact","source-only-history","original-source\04-Xparser\Xparser\Xparser.vcxproj","9412","11fb06aaf6681d2d41b9cc699a4edddf272c637ea31922ba06e14386297ff31d"
"Архив\Xparser","04-Xparser","Xparser\Xparser.vcxproj.filters","929","2021-03-15T17:18:18.1803577Z","2014-02-13T21:13:54.0000000Z","2022-02-07T00:19:09.0000000Z","533536","58483b2879995630f06755ce38eab21e5775d5fcc91971b93fa2056229980672","included-exact","source-only-history","original-source\04-Xparser\Xparser\Xparser.vcxproj.filters","929","58483b2879995630f06755ce38eab21e5775d5fcc91971b93fa2056229980672"
