"OriginalProjectPath","RelativePath","Length","CreationTimeUtc","LastWriteTimeUtc","LastAccessTimeUtc","Attributes","Sha256","SourceArchiveRepository","SourceArchiveHead","ArchiveAction","ArchiveReason","ArchiveRelativePath","PublicAction","PublicRelativePath"
"C++","Код C++\Трение\.vs\Трение\v14\.suo","32768","2021-03-15T17:17:30.1934586Z","2016-04-15T15:46:22.0000000Z","2026-07-14T07:12:27.8296288Z","533536","27cbb8981966af35a6cfcaf261fd8768fdc3eb48b3d44ae70393eb868e39f936","MaximillianVoss/legacy-native-projects-archive","54a7410ae04822b5e609059ecaf0f4d56f729b8c","manifest-only","generated-file:.suo","","metadata-only",""
"C++","Код C++\Трение\Трение.sdf","41418752","2021-03-15T17:17:30.1525688Z","2016-04-12T18:47:00.0000000Z","2026-07-14T07:12:27.8316246Z","533536","44e5a102fd8b210e4680086fdcc24a422a00019120e7ea976f857e87dfed2da0","MaximillianVoss/legacy-native-projects-archive","54a7410ae04822b5e609059ecaf0f4d56f729b8c","manifest-only","generated-file:.sdf","","metadata-only",""
"C++","Код C++\Трение\Трение.sln","1318","2021-03-15T17:17:30.0977193Z","2016-04-12T17:36:50.0000000Z","2026-07-14T07:12:27.9927442Z","533536","e503652de2ea79eb695b265cbe978560e864b3cc6903fc001bab1f21b59fc66f","MaximillianVoss/legacy-native-projects-archive","54a7410ae04822b5e609059ecaf0f4d56f729b8c","copied","tracked-original-file","projects\C++\Код C++\Трение\Трение.sln","included-exact","original\C++\Код C++\Трение\Трение.sln"
"C++","Код C++\Трение\Трение.VC.db","31719424","2021-03-15T17:17:28.6356213Z","2016-04-15T15:46:22.0000000Z","2026-07-14T07:12:27.9997443Z","533536","cbfa31f8867960403932ef2415b0d4a023d269826269e9709012b68498de0049","MaximillianVoss/legacy-native-projects-archive","54a7410ae04822b5e609059ecaf0f4d56f729b8c","manifest-only","sensitive-or-history-binary-held-local","","metadata-only",""
"C++","Код C++\Трение\Трение\Трение.cpp","758","2021-03-15T17:17:30.1206542Z","2016-04-12T18:38:11.0000000Z","2026-07-14T07:12:28.1239513Z","533536","16e9a7783637ebc49042333fe520aaa294d7aaa6efcedb46afdc1c4b7a4a734b","MaximillianVoss/legacy-native-projects-archive","54a7410ae04822b5e609059ecaf0f4d56f729b8c","copied","tracked-original-file","projects\C++\Код C++\Трение\Трение\Трение.cpp","included-exact","original\C++\Код C++\Трение\Трение\Трение.cpp"
"C++","Код C++\Трение\Трение\Трение.vcxproj","8046","2021-03-15T17:17:30.1086855Z","2016-04-12T17:36:50.0000000Z","2026-07-14T07:12:28.1319516Z","533536","6a36efcab2f3dde93b3453e49b29d69de8c349880466000cc60d573107718dd9","MaximillianVoss/legacy-native-projects-archive","54a7410ae04822b5e609059ecaf0f4d56f729b8c","copied","tracked-original-file","projects\C++\Код C++\Трение\Трение\Трение.vcxproj","included-exact","original\C++\Код C++\Трение\Трение\Трение.vcxproj"
"C++","Код C++\Трение\Трение\Трение.vcxproj.filters","1499","2021-03-15T17:17:30.1116781Z","2016-04-12T17:36:50.0000000Z","2026-07-14T07:12:28.1429554Z","533536","3962052d527a28a6033fe48cccc4eee3ca911b7089e5eca0a9d426c5aa507f19","MaximillianVoss/legacy-native-projects-archive","54a7410ae04822b5e609059ecaf0f4d56f729b8c","copied","tracked-original-file","projects\C++\Код C++\Трение\Трение\Трение.vcxproj.filters","included-exact","original\C++\Код C++\Трение\Трение\Трение.vcxproj.filters"
"C++","Код C++\Трение\Трение\Debug\Трение.log","403","2021-03-15T17:17:30.1276350Z","2016-04-12T18:19:13.0000000Z","2026-07-14T07:12:28.1579514Z","533536","adc656f5f238e5ce170546f960c922eff9080977ee0139103711dd7f391d7b9a","MaximillianVoss/legacy-native-projects-archive","54a7410ae04822b5e609059ecaf0f4d56f729b8c","manifest-only","generated-file:.log","","metadata-only",""
"C++","Код C++\Трение\Трение\Debug\Трение.obj","36832","2021-03-15T17:17:30.1236454Z","2016-04-12T18:19:13.0000000Z","2026-07-14T07:12:28.1589992Z","533536","11a24e79a3d14d35b147f45767cd37b039d9ecf072f34d7e7503ae31193e9ed6","MaximillianVoss/legacy-native-projects-archive","54a7410ae04822b5e609059ecaf0f4d56f729b8c","manifest-only","generated-file:.obj","","metadata-only",""
"C++","Код C++\Трение\Трение\Debug\трение.obj.enc","36810","2021-03-15T17:17:30.1256402Z","2016-04-12T18:18:46.0000000Z","2026-07-14T07:12:28.1609556Z","533536","98830e96c152948cf8cb03e7e0825b92e2855b98b63ee8c29857827d00dd4d2d","MaximillianVoss/legacy-native-projects-archive","54a7410ae04822b5e609059ecaf0f4d56f729b8c","manifest-only","generated-or-dependency:Debug","","metadata-only",""
"C++","Код C++\Трение\Трение\Debug\Трение.pch","3407872","2021-03-15T17:17:30.1316248Z","2016-04-12T18:04:27.0000000Z","2026-07-14T07:12:28.1629521Z","533536","ae3da4afd1f45fe804acd32b743185996d53daebc6ef216f96c1a7172e5ae099","MaximillianVoss/legacy-native-projects-archive","54a7410ae04822b5e609059ecaf0f4d56f729b8c","manifest-only","generated-file:.pch","","metadata-only",""
"C++","Код C++\Трение\Трение\Debug\Трение.tlog\Трение.lastbuildstate","255","2021-03-15T17:17:30.1396026Z","2016-04-12T18:19:13.0000000Z","2026-07-14T07:12:28.1789763Z","533536","502cb970d29142657658f8c93be4b872464681a6653d35aab92c2f67b4eebbdb","MaximillianVoss/legacy-native-projects-archive","54a7410ae04822b5e609059ecaf0f4d56f729b8c","manifest-only","generated-file:.lastbuildstate","","metadata-only",""
"C++","Код C++\Трение\Трение\Debug\Трение.tlog\CL.command.1.tlog","1650","2021-03-15T17:17:30.1505734Z","2016-04-12T18:19:13.0000000Z","2026-07-14T07:12:28.1809512Z","533536","047fe768f8f86a8c3950b6600120234403fc6b5d239ff2abbb43490ab6847ccf","MaximillianVoss/legacy-native-projects-archive","54a7410ae04822b5e609059ecaf0f4d56f729b8c","manifest-only","generated-file:.tlog","","metadata-only",""
"C++","Код C++\Трение\Трение\Debug\Трение.tlog\CL.read.1.tlog","31776","2021-03-15T17:17:30.1485808Z","2016-04-12T18:19:13.0000000Z","2026-07-14T07:12:28.1819536Z","533536","906977a98dac7e8607999baf6683931279c7fb27e689fc12e18dbf1ac47b7ff3","MaximillianVoss/legacy-native-projects-archive","54a7410ae04822b5e609059ecaf0f4d56f729b8c","manifest-only","generated-file:.tlog","","metadata-only",""
"C++","Код C++\Трение\Трение\Debug\Трение.tlog\CL.write.1.tlog","1504","2021-03-15T17:17:30.1465851Z","2016-04-12T18:19:13.0000000Z","2026-07-14T07:12:28.1839571Z","533536","0036f0a4dfd317dff204add679b341e5a94b074c2e09b45a9e6c8777f138a428","MaximillianVoss/legacy-native-projects-archive","54a7410ae04822b5e609059ecaf0f4d56f729b8c","manifest-only","generated-file:.tlog","","metadata-only",""
"C++","Код C++\Трение\Трение\Debug\Трение.tlog\link.command.1.tlog","1542","2021-03-15T17:17:30.1435923Z","2016-04-12T18:19:13.0000000Z","2026-07-14T07:12:28.1856753Z","533536","9b4cd5e4df6737b97ba1a77656809c541c9da28ad46f7324efce1eb0c0afd335","MaximillianVoss/legacy-native-projects-archive","54a7410ae04822b5e609059ecaf0f4d56f729b8c","manifest-only","generated-file:.tlog","","metadata-only",""
"C++","Код C++\Трение\Трение\Debug\Трение.tlog\link.read.1.tlog","3304","2021-03-15T17:17:30.1406009Z","2016-04-12T18:19:13.0000000Z","2026-07-14T07:12:28.1872833Z","533536","0015c03ca612d4969897564909249422af762b2c786f9e3da28500edd357f4c5","MaximillianVoss/legacy-native-projects-archive","54a7410ae04822b5e609059ecaf0f4d56f729b8c","manifest-only","generated-file:.tlog","","metadata-only",""
"C++","Код C++\Трение\Трение\Debug\Трение.tlog\link.write.1.tlog","810","2021-03-15T17:17:30.1445895Z","2016-04-12T18:19:13.0000000Z","2026-07-14T07:12:28.1888680Z","533536","daff01cde449e0d4a51ee662a4b894d4f137b8c332ebded6474f765ea10b701d","MaximillianVoss/legacy-native-projects-archive","54a7410ae04822b5e609059ecaf0f4d56f729b8c","manifest-only","generated-file:.tlog","","metadata-only",""
"C++","Код C++\Трение\Трение\Debug\stdafx.obj","12779","2021-03-15T17:17:30.1356149Z","2016-04-12T18:04:27.0000000Z","2026-07-14T07:12:28.1905030Z","533536","6f700a194f0568e666bfe13716b8fc1a11ccd51a1ceba70f2be6dc84e7fd118a","MaximillianVoss/legacy-native-projects-archive","54a7410ae04822b5e609059ecaf0f4d56f729b8c","manifest-only","generated-file:.obj","","metadata-only",""
"C++","Код C++\Трение\Трение\Debug\vc140.idb","740352","2021-03-15T17:17:30.1336205Z","2016-04-12T18:19:13.0000000Z","2026-07-14T07:12:28.1921951Z","533536","60be79e3df91a88b68f4920590fa2fa5b3f61cb5e19a3638c3f6704b6dc58904","MaximillianVoss/legacy-native-projects-archive","54a7410ae04822b5e609059ecaf0f4d56f729b8c","manifest-only","generated-file:.idb","","metadata-only",""
"C++","Код C++\Трение\Трение\Debug\vc140.pdb","299008","2021-03-15T17:17:30.1296296Z","2016-04-12T18:19:13.0000000Z","2026-07-14T07:12:28.1966557Z","533536","06dc74f0eb59b0cf979bebe298dc81f1ff201d7fa4d11d7a617f6580586a76bd","MaximillianVoss/legacy-native-projects-archive","54a7410ae04822b5e609059ecaf0f4d56f729b8c","manifest-only","generated-file:.pdb","","metadata-only",""
"C++","Код C++\Трение\Трение\ReadMe.txt","2658","2021-03-15T17:17:30.1186597Z","2016-04-12T17:36:48.0000000Z","2026-07-14T07:12:28.1996644Z","533536","d9d943f8aac25955705c36f6f29f98c48249905b318942ded8623018d935dd06","MaximillianVoss/legacy-native-projects-archive","54a7410ae04822b5e609059ecaf0f4d56f729b8c","copied","tracked-original-file","projects\C++\Код C++\Трение\Трение\ReadMe.txt","included-exact","original\C++\Код C++\Трение\Трение\ReadMe.txt"
"C++","Код C++\Трение\Трение\stdafx.cpp","353","2021-03-15T17:17:30.1146695Z","2016-04-12T17:36:48.0000000Z","2026-07-14T07:12:28.2086629Z","533536","999f75a8c72ab4daf7a74e4d2c919bcb1c12f6ce4962b710bfaeecea0d798edb","MaximillianVoss/legacy-native-projects-archive","54a7410ae04822b5e609059ecaf0f4d56f729b8c","copied","tracked-original-file","projects\C++\Код C++\Трение\Трение\stdafx.cpp","included-exact","original\C++\Код C++\Трение\Трение\stdafx.cpp"
"C++","Код C++\Трение\Трение\stdafx.h","363","2021-03-15T17:17:30.1136721Z","2016-04-12T17:36:48.0000000Z","2026-07-14T07:12:28.2166617Z","533536","a81406dd759e40f4ecbc93c232a276d82681ca151dede0d6fe5a9ae0c00c2ea5","MaximillianVoss/legacy-native-projects-archive","54a7410ae04822b5e609059ecaf0f4d56f729b8c","copied","tracked-original-file","projects\C++\Код C++\Трение\Трение\stdafx.h","included-exact","original\C++\Код C++\Трение\Трение\stdafx.h"
"C++","Код C++\Трение\Трение\targetver.h","342","2021-03-15T17:17:30.1166648Z","2016-04-12T17:36:48.0000000Z","2026-07-14T07:12:28.2256625Z","533536","53a2e8e17f1d4171ab23c2d920d05e269bdfe3a980298335fafb2b49c29ad228","MaximillianVoss/legacy-native-projects-archive","54a7410ae04822b5e609059ecaf0f4d56f729b8c","copied","tracked-original-file","projects\C++\Код C++\Трение\Трение\targetver.h","included-exact","original\C++\Код C++\Трение\Трение\targetver.h"
"C++","Код C++\Трение\Debug\Трение.exe","36864","2021-03-15T17:17:30.1017050Z","2016-04-12T18:19:13.0000000Z","2026-07-14T07:12:28.2346609Z","533536","1bcd163fa10ba4cf7b24b4f9c63a7ab2fe1213c4c2fa5791610d5d82fa9cfc70","MaximillianVoss/legacy-native-projects-archive","54a7410ae04822b5e609059ecaf0f4d56f729b8c","manifest-only","executable-deliverable-held-local","","metadata-only",""
"C++","Код C++\Трение\Debug\Трение.ilk","308500","2021-03-15T17:17:30.1046962Z","2016-04-12T18:19:13.0000000Z","2026-07-14T07:12:28.2426633Z","533536","0a786c3458baaa032d9706d0db771414b67408b0b10158ebe3e50e93c696277e","MaximillianVoss/legacy-native-projects-archive","54a7410ae04822b5e609059ecaf0f4d56f729b8c","manifest-only","generated-file:.ilk","","metadata-only",""
"C++","Код C++\Трение\Debug\Трение.pdb","856064","2021-03-15T17:17:30.1027024Z","2016-04-12T18:19:13.0000000Z","2026-07-14T07:12:28.2446620Z","533536","434907bdc73c8234a8e29cc80ec2bf7fdb0a1b6d1de6467dcf34350106cf7f7e","MaximillianVoss/legacy-native-projects-archive","54a7410ae04822b5e609059ecaf0f4d56f729b8c","manifest-only","generated-file:.pdb","","metadata-only",""
"C++","Код C++\Трение\ipch\ТРЕНИЕ-23685c09\ТРЕНИЕ-77e6708d.ipch","3538944","2021-03-15T17:17:30.1565581Z","2016-04-12T18:36:12.0000000Z","2026-07-14T07:12:28.2496646Z","533536","4623c5a4c7b23de0f28c4c11e90bace18322a9034c69dc4750a4a90f16cfe934","MaximillianVoss/legacy-native-projects-archive","54a7410ae04822b5e609059ecaf0f4d56f729b8c","manifest-only","generated-file:.ipch","","metadata-only",""
"C++","Код C++\Трение\ipch\ТРЕНИЕ-a47e28\ТРЕНИЕ-77e6708d.ipch","3538944","2021-03-15T17:17:28.6336271Z","2016-04-15T15:17:46.0000000Z","2026-07-14T07:12:28.2656797Z","533536","f59841baf85a27c30b3600aa110720a54b724283cd1d067f2e386d5d489e93ab","MaximillianVoss/legacy-native-projects-archive","54a7410ae04822b5e609059ecaf0f4d56f729b8c","manifest-only","generated-file:.ipch","","metadata-only",""
"C++","Код C++\Windows forms C++ RC\.vs\WF\v14\.suo","72192","2021-03-15T17:17:27.1347765Z","2016-07-03T16:07:17.0000000Z","2026-07-14T07:12:58.4718186Z","533536","879c1a03fe7f5c493e1a29a957c935efccaa5b8ef1d795da9cfce969a75a2e6a","MaximillianVoss/legacy-native-projects-archive","54a7410ae04822b5e609059ecaf0f4d56f729b8c","manifest-only","generated-file:.suo","","metadata-only",""
"C++","Код C++\Windows forms C++ RC\Code.txt","5149","2021-03-15T17:17:27.0320525Z","2016-04-30T08:08:44.0000000Z","2026-07-14T07:12:58.4748164Z","533536","b9e6ff6592e6eebc97b828adb79be193391e35ed7d78ad81b004b3f781b3e1bb","MaximillianVoss/legacy-native-projects-archive","54a7410ae04822b5e609059ecaf0f4d56f729b8c","copied","tracked-original-file","projects\C++\Код C++\Windows forms C++ RC\Code.txt","included-exact","original\C++\Код C++\Windows forms C++ RC\Code.txt"
"C++","Код C++\Windows forms C++ RC\Code2.txt","12770","2021-03-15T17:17:27.0340476Z","2016-05-08T20:06:53.0000000Z","2026-07-14T07:12:58.4847363Z","533536","89ae494b4457685b280d3416fdae09e3e055e84058e628564561b9558cd6bb26","MaximillianVoss/legacy-native-projects-archive","54a7410ae04822b5e609059ecaf0f4d56f729b8c","copied","tracked-original-file","projects\C++\Код C++\Windows forms C++ RC\Code2.txt","included-exact","original\C++\Код C++\Windows forms C++ RC\Code2.txt"
"C++","Код C++\Windows forms C++ RC\Debug\WF.exe","1260544","2021-03-15T17:17:27.1427576Z","2016-06-02T23:58:57.0000000Z","2026-07-14T07:12:58.4975074Z","533536","48775fcf3d121a556367b1d27fa437693bbb0d7f30a60fb0386b6756217ed4ab","MaximillianVoss/legacy-native-projects-archive","54a7410ae04822b5e609059ecaf0f4d56f729b8c","manifest-only","executable-deliverable-held-local","","metadata-only",""
"C++","Код C++\Windows forms C++ RC\Debug\WF.exe.metagen","1488","2021-03-15T17:17:27.1407617Z","2016-05-08T19:40:10.0000000Z","2026-07-14T07:12:58.5152004Z","533536","4fe150fcaeb85f50270ecc7c4a01782047635966b44a6ef67fc7237043883f81","MaximillianVoss/legacy-native-projects-archive","54a7410ae04822b5e609059ecaf0f4d56f729b8c","manifest-only","generated-or-dependency:Debug","","metadata-only",""
"C++","Код C++\Windows forms C++ RC\Debug\WF.pdb","4542464","2021-03-15T17:17:27.1447511Z","2016-06-02T23:58:57.0000000Z","2026-07-14T07:12:58.5169034Z","533536","a9cb26db2b4a0339962e9140763ed095e8a85f844a387ffcb629e00d5a2ee0be","MaximillianVoss/legacy-native-projects-archive","54a7410ae04822b5e609059ecaf0f4d56f729b8c","manifest-only","generated-file:.pdb","","metadata-only",""
"C++","Код C++\Windows forms C++ RC\ipch\WF-4308c610\WF-aada9089.ipch","12451840","2021-03-15T17:17:27.1258010Z","2016-05-13T15:03:37.0000000Z","2026-07-14T07:12:58.5461107Z","533536","896d9595a1eed8cff76ded75ad9368a7bf49f9cba3bd36e3488528ef07cbf654","MaximillianVoss/legacy-native-projects-archive","54a7410ae04822b5e609059ecaf0f4d56f729b8c","manifest-only","generated-file:.ipch","","metadata-only",""
"C++","Код C++\Windows forms C++ RC\ipch\WF-456a6b\WF-aada9089.ipch","12451840","2021-03-15T17:17:27.1218116Z","2016-05-09T22:44:08.0000000Z","2026-07-14T07:12:58.6198443Z","533536","42411bea0680fbb4a3e7ace7e4c1d5d8b69967976a396a53603a44c0a92a8f8a","MaximillianVoss/legacy-native-projects-archive","54a7410ae04822b5e609059ecaf0f4d56f729b8c","manifest-only","generated-file:.ipch","","metadata-only",""
"C++","Код C++\Windows forms C++ RC\ipch\WF-4d3fd05f\WF-aada9089.ipch","12451840","2023-04-10T16:04:40.6440787Z","2016-05-30T13:31:49.0000000Z","2026-07-14T07:12:58.6943627Z","533536","873eb45cd592dca1c77a2b1b7c578b7db47eae206fdc3e5c086663d2df9fa692","MaximillianVoss/legacy-native-projects-archive","54a7410ae04822b5e609059ecaf0f4d56f729b8c","manifest-only","generated-file:.ipch","","metadata-only",""
"C++","Код C++\Windows forms C++ RC\ipch\WF-db03cab1\WF-aada9089.ipch","12451840","2021-03-15T17:17:15.8034317Z","2016-07-03T15:46:48.0000000Z","2026-07-14T07:12:58.7663625Z","533536","49ab5e94b6e8bf9abcfcbaff2a1be52bb8d3d10fbdeef4700f9823342d17f998","MaximillianVoss/legacy-native-projects-archive","54a7410ae04822b5e609059ecaf0f4d56f729b8c","manifest-only","generated-file:.ipch","","metadata-only",""
"C++","Код C++\Windows forms C++ RC\WF.opensdf","24","2021-03-15T17:17:27.0360417Z","2016-04-16T04:02:12.0000000Z","2026-07-14T07:12:58.8403618Z","533536","6b2a01a218cf2b44afe550572ae1c418e71f63df14c3bd07ffe9ae5221402156","MaximillianVoss/legacy-native-projects-archive","54a7410ae04822b5e609059ecaf0f4d56f729b8c","manifest-only","generated-file:.opensdf","","metadata-only",""
"C++","Код C++\Windows forms C++ RC\WF.sdf","413696","2021-03-15T17:17:27.0410292Z","2016-04-16T04:02:12.0000000Z","2026-07-14T07:12:58.8413611Z","533536","c3ca808f1ea1373687e1102581f6445d0e5f856178d5ebae9cb3228930310cdc","MaximillianVoss/legacy-native-projects-archive","54a7410ae04822b5e609059ecaf0f4d56f729b8c","manifest-only","generated-file:.sdf","","metadata-only",""
"C++","Код C++\Windows forms C++ RC\WF.sln","950","2021-03-15T17:17:27.0380364Z","2016-05-08T20:47:04.0000000Z","2026-07-14T07:12:58.8453635Z","533536","dcd848dea589ac0965994e7508b089025bab61672a9e777571f91967a84d2d22","MaximillianVoss/legacy-native-projects-archive","54a7410ae04822b5e609059ecaf0f4d56f729b8c","copied","tracked-original-file","projects\C++\Код C++\Windows forms C++ RC\WF.sln","included-exact","original\C++\Код C++\Windows forms C++ RC\WF.sln"
"C++","Код C++\Windows forms C++ RC\WF.suo","9216","2021-03-15T17:17:27.0390327Z","2016-04-16T04:02:12.0000000Z","2026-07-14T07:12:58.8563625Z","533536","38ebec921d7d8e2401bd404446b042593a7e2ed40f7693bae432abfb51f7d157","MaximillianVoss/legacy-native-projects-archive","54a7410ae04822b5e609059ecaf0f4d56f729b8c","manifest-only","generated-file:.suo","","metadata-only",""
"C++","Код C++\Windows forms C++ RC\WF.VC.db","52101120","2021-03-15T17:17:27.1377703Z","2016-07-03T16:07:17.0000000Z","2026-07-14T07:12:58.8573624Z","533536","7350ab93d479075d25261393103522c3275729f8a3be7755b1634733af2538d3","MaximillianVoss/legacy-native-projects-archive","54a7410ae04822b5e609059ecaf0f4d56f729b8c","manifest-only","sensitive-or-history-binary-held-local","","metadata-only",""
"C++","Код C++\Windows forms C++ RC\WF\app.ico","1078","2021-03-15T17:17:27.0440212Z","2016-04-16T04:02:16.0000000Z","2026-07-14T07:12:59.1500836Z","533536","382cd3997832491be248e19daf00e5881057c7a0818af23649341a2b97e12527","MaximillianVoss/legacy-native-projects-archive","54a7410ae04822b5e609059ecaf0f4d56f729b8c","copied","tracked-original-file","projects\C++\Код C++\Windows forms C++ RC\WF\app.ico","included-exact","original\C++\Код C++\Windows forms C++ RC\WF\app.ico"
"C++","Код C++\Windows forms C++ RC\WF\app.rc","2546","2021-03-15T17:17:27.0460150Z","2016-04-16T04:02:14.0000000Z","2026-07-14T07:12:59.1600068Z","533536","5b79149abaf60f24c566c325be8058d7fa4ca2cd95c117bd6f30c6ade590bb98","MaximillianVoss/legacy-native-projects-archive","54a7410ae04822b5e609059ecaf0f4d56f729b8c","copied","tracked-original-file","projects\C++\Код C++\Windows forms C++ RC\WF\app.rc","included-exact","original\C++\Код C++\Windows forms C++ RC\WF\app.rc"
"C++","Код C++\Windows forms C++ RC\WF\AssemblyInfo.cpp","1320","2021-03-15T17:17:27.0480097Z","2016-04-16T04:02:14.0000000Z","2026-07-14T07:12:59.1702632Z","533536","b598fa537c71ba4e12441f01fd09b06b4aa6709c33aaba537d6a8d4b03f91e23","MaximillianVoss/legacy-native-projects-archive","54a7410ae04822b5e609059ecaf0f4d56f729b8c","copied","tracked-original-file","projects\C++\Код C++\Windows forms C++ RC\WF\AssemblyInfo.cpp","included-exact","original\C++\Код C++\Windows forms C++ RC\WF\AssemblyInfo.cpp"
"C++","Код C++\Windows forms C++ RC\WF\Debug\.NETFramework,Version=v4.5.2.AssemblyAttributes.asm","231","2021-03-15T17:17:27.0749367Z","2016-05-12T23:18:54.0000000Z","2026-07-14T07:12:59.1822698Z","533536","48ee4b7a2f9440fd1626260eb7d41987f10bbb19248074bb54f351fb74dbc662","MaximillianVoss/legacy-native-projects-archive","54a7410ae04822b5e609059ecaf0f4d56f729b8c","manifest-only","generated-or-dependency:Debug","","metadata-only",""
"C++","Код C++\Windows forms C++ RC\WF\Debug\.NETFramework,Version=v4.5.2.AssemblyAttributes.obj","3082","2021-03-15T17:17:27.0729430Z","2016-05-12T23:18:54.0000000Z","2026-07-14T07:12:59.1842708Z","533536","b1019202df01ae6a99adcacf75f441896bfb527fc8a161fe7e77a78c3010ef76","MaximillianVoss/legacy-native-projects-archive","54a7410ae04822b5e609059ecaf0f4d56f729b8c","manifest-only","generated-file:.obj","","metadata-only",""
"C++","Код C++\Windows forms C++ RC\WF\Debug\app.res","1204","2021-03-15T17:17:27.0769323Z","2016-06-02T20:02:57.0000000Z","2026-07-14T07:12:59.1862699Z","533536","7319d0f81741f02dacd682f14d477cbab62aa5d0b5689422c518e053d353c95c","MaximillianVoss/legacy-native-projects-archive","54a7410ae04822b5e609059ecaf0f4d56f729b8c","manifest-only","generated-file:.res","","metadata-only",""
"C++","Код C++\Windows forms C++ RC\WF\Debug\AssemblyInfo.obj","3604","2021-03-15T17:17:27.0809214Z","2016-06-02T20:02:57.0000000Z","2026-07-14T07:12:59.1882697Z","533536","ffdd6a8b02f0c82345f208d5ad38999ef08d51c18eb9f12fff610fb0458129c0","MaximillianVoss/legacy-native-projects-archive","54a7410ae04822b5e609059ecaf0f4d56f729b8c","manifest-only","generated-file:.obj","","metadata-only",""
"C++","Код C++\Windows forms C++ RC\WF\Debug\stdafx.obj","11748","2021-03-15T17:17:27.0789260Z","2016-06-02T20:02:56.0000000Z","2026-07-14T07:12:59.1892733Z","533536","2e6f3bbf25040b536d0b9879189cff9c5c4d9627431c48f6e0a62f61f83e8691","MaximillianVoss/legacy-native-projects-archive","54a7410ae04822b5e609059ecaf0f4d56f729b8c","manifest-only","generated-file:.obj","","metadata-only",""
"C++","Код C++\Windows forms C++ RC\WF\Debug\vc140.pdb","544768","2021-03-15T17:17:27.0898982Z","2016-06-02T23:58:55.0000000Z","2026-07-14T07:12:59.1912707Z","533536","790ee17b942909a8543f8e4474e18366420f9f652a9f39ce5b1d0421144403b6","MaximillianVoss/legacy-native-projects-archive","54a7410ae04822b5e609059ecaf0f4d56f729b8c","manifest-only","generated-file:.pdb","","metadata-only",""
"C++","Код C++\Windows forms C++ RC\WF\Debug\WF.Form1.resources","180","2021-03-15T17:17:27.0839135Z","2016-06-02T23:00:51.0000000Z","2026-07-14T07:12:59.1962709Z","533536","e13ed2c59366d0eea74863fd71a81f0cb977cce1edfde304fc538690a4f6ac89","MaximillianVoss/legacy-native-projects-archive","54a7410ae04822b5e609059ecaf0f4d56f729b8c","manifest-only","generated-or-dependency:Debug","","metadata-only",""
"C++","Код C++\Windows forms C++ RC\WF\Debug\WF.log","2460","2021-03-15T17:17:27.0879031Z","2016-06-02T23:58:58.0000000Z","2026-07-14T07:12:59.1982705Z","533536","0e6744a49cbd42b0ed1fe8e64f1a831e80b4919dae8e09cd154c078d2a640c5c","MaximillianVoss/legacy-native-projects-archive","54a7410ae04822b5e609059ecaf0f4d56f729b8c","manifest-only","generated-file:.log","","metadata-only",""
"C++","Код C++\Windows forms C++ RC\WF\Debug\WF.obj","992459","2021-03-15T17:17:27.0908950Z","2016-06-02T23:58:56.0000000Z","2026-07-14T07:12:59.1992711Z","533536","dbff75fae8fe809deaf36fcc220ffea96c20e6b558ef006d6a0f69a47262ffbb","MaximillianVoss/legacy-native-projects-archive","54a7410ae04822b5e609059ecaf0f4d56f729b8c","manifest-only","generated-file:.obj","","metadata-only",""
"C++","Код C++\Windows forms C++ RC\WF\Debug\WF.pch","8257536","2021-03-15T17:17:27.0829161Z","2016-06-02T20:02:56.0000000Z","2026-07-14T07:12:59.2092714Z","533536","8675c51f2aeb4689885914799a85825604c7d86fd238e46c95dfd5b70c8cf472","MaximillianVoss/legacy-native-projects-archive","54a7410ae04822b5e609059ecaf0f4d56f729b8c","manifest-only","generated-file:.pch","","metadata-only",""
"C++","Код C++\Windows forms C++ RC\WF\Debug\WF.tlog\CL.command.1.tlog","33996","2021-03-15T17:17:27.1158275Z","2016-06-02T23:58:56.0000000Z","2026-07-14T07:12:59.2563269Z","533536","24ba81d0ab02e599a6b87ae8dfdf27ff7112140efe18564fda03ff380e9c79c8","MaximillianVoss/legacy-native-projects-archive","54a7410ae04822b5e609059ecaf0f4d56f729b8c","manifest-only","generated-file:.tlog","","metadata-only",""
"C++","Код C++\Windows forms C++ RC\WF\Debug\WF.tlog\CL.read.1.tlog","24746","2021-03-15T17:17:27.1138325Z","2016-06-02T23:58:56.0000000Z","2026-07-14T07:12:59.2583338Z","533536","8106dcccab49d360a78ca01c72988c3027d7b5e2fc8ab653c622eb6e24930582","MaximillianVoss/legacy-native-projects-archive","54a7410ae04822b5e609059ecaf0f4d56f729b8c","manifest-only","generated-file:.tlog","","metadata-only",""
"C++","Код C++\Windows forms C++ RC\WF\Debug\WF.tlog\CL.write.1.tlog","2904","2021-03-15T17:17:27.1128363Z","2016-06-02T23:58:56.0000000Z","2026-07-14T07:12:59.2603342Z","533536","d3b1742114fe91048080e92db5b6e39febeb243fba713605ac17a4a31ea69b6b","MaximillianVoss/legacy-native-projects-archive","54a7410ae04822b5e609059ecaf0f4d56f729b8c","manifest-only","generated-file:.tlog","","metadata-only",""
"C++","Код C++\Windows forms C++ RC\WF\Debug\WF.tlog\link.command.1.tlog","8440","2021-03-15T17:17:27.1108416Z","2016-06-02T23:58:57.0000000Z","2026-07-14T07:12:59.2623338Z","533536","79d83957d11a530bae69c475abe26e03b5352c8f35c7bc37997b1eaf793320d9","MaximillianVoss/legacy-native-projects-archive","54a7410ae04822b5e609059ecaf0f4d56f729b8c","manifest-only","generated-file:.tlog","","metadata-only",""
"C++","Код C++\Windows forms C++ RC\WF\Debug\WF.tlog\link.read.1.tlog","4458","2021-03-15T17:17:27.1088460Z","2016-06-02T23:58:57.0000000Z","2026-07-14T07:12:59.2643340Z","533536","2863006fe66dc70decbb75b3bba12bbd3e1a58fbb89698f5d752c6ee039aa784","MaximillianVoss/legacy-native-projects-archive","54a7410ae04822b5e609059ecaf0f4d56f729b8c","manifest-only","generated-file:.tlog","","metadata-only",""
"C++","Код C++\Windows forms C++ RC\WF\Debug\WF.tlog\link.write.1.tlog","1532","2021-03-15T17:17:27.1078485Z","2016-06-02T23:58:57.0000000Z","2026-07-14T07:12:59.2663340Z","533536","bc20043e2c8281c12b04f8d17e47f64eac07c880f3ec1e179ddaa1e6f6e1dd10","MaximillianVoss/legacy-native-projects-archive","54a7410ae04822b5e609059ecaf0f4d56f729b8c","manifest-only","generated-file:.tlog","","metadata-only",""
"C++","Код C++\Windows forms C++ RC\WF\Debug\WF.tlog\metagen.read.1.tlog","2","2021-03-15T17:17:27.1058540Z","2016-06-02T23:58:56.0000000Z","2026-07-14T07:12:59.2673344Z","533536","b3d510ef04275ca8e698e5b3cbb0ece3949ef9252f0cdc839e9ee347409a2209","MaximillianVoss/legacy-native-projects-archive","54a7410ae04822b5e609059ecaf0f4d56f729b8c","manifest-only","generated-file:.tlog","","metadata-only",""
"C++","Код C++\Windows forms C++ RC\WF\Debug\WF.tlog\metagen.write.1.tlog","2","2021-03-15T17:17:27.1038610Z","2016-06-02T23:58:56.0000000Z","2026-07-14T07:12:59.2685712Z","533536","b3d510ef04275ca8e698e5b3cbb0ece3949ef9252f0cdc839e9ee347409a2209","MaximillianVoss/legacy-native-projects-archive","54a7410ae04822b5e609059ecaf0f4d56f729b8c","manifest-only","generated-file:.tlog","","metadata-only",""
"C++","Код C++\Windows forms C++ RC\WF\Debug\WF.tlog\rc.command.1.tlog","1830","2021-03-15T17:17:27.0968790Z","2016-06-02T20:02:57.0000000Z","2026-07-14T07:12:59.2701764Z","533536","876e7304265930240c97113a2b5dd6d849d1b337c2caa3df9cbd2dfaacac055e","MaximillianVoss/legacy-native-projects-archive","54a7410ae04822b5e609059ecaf0f4d56f729b8c","manifest-only","generated-file:.tlog","","metadata-only",""
"C++","Код C++\Windows forms C++ RC\WF\Debug\WF.tlog\rc.read.1.tlog","590","2021-03-15T17:17:27.0988746Z","2016-06-02T22:40:50.0000000Z","2026-07-14T07:12:59.2717915Z","533536","61fd9a70d9eb06c7e1489802f8e658c8ed3163ca50d76559fb6ff95c340e2abe","MaximillianVoss/legacy-native-projects-archive","54a7410ae04822b5e609059ecaf0f4d56f729b8c","manifest-only","generated-file:.tlog","","metadata-only",""
"C++","Код C++\Windows forms C++ RC\WF\Debug\WF.tlog\rc.write.1.tlog","402","2021-03-15T17:17:27.0998698Z","2016-06-02T22:40:50.0000000Z","2026-07-14T07:12:59.2733952Z","533536","0a52172a69c7b2e5d715f1a9fad8c61cb3ba58b5907a9544f0199f503f6201a4","MaximillianVoss/legacy-native-projects-archive","54a7410ae04822b5e609059ecaf0f4d56f729b8c","manifest-only","generated-file:.tlog","","metadata-only",""
"C++","Код C++\Windows forms C++ RC\WF\Debug\WF.tlog\TZRES.DLL.bi","0","2021-03-15T17:17:27.0948842Z","2016-05-12T23:18:54.0000000Z","2026-07-14T07:12:59.2750180Z","533536","e3b0c44298fc1c149afbf4c8996fb92427ae41e4649b934ca495991b7852b855","MaximillianVoss/legacy-native-projects-archive","54a7410ae04822b5e609059ecaf0f4d56f729b8c","manifest-only","generated-or-dependency:Debug","","metadata-only",""
"C++","Код C++\Windows forms C++ RC\WF\Debug\WF.tlog\WF.lastbuildstate","286","2021-03-15T17:17:27.1018657Z","2016-06-02T23:58:58.0000000Z","2026-07-14T07:12:59.2772203Z","533536","50d1026c971db352165288ec880796805bb1e4413e0b0b2cd0c8134656a2264b","MaximillianVoss/legacy-native-projects-archive","54a7410ae04822b5e609059ecaf0f4d56f729b8c","manifest-only","generated-file:.lastbuildstate","","metadata-only",""
"C++","Код C++\Windows forms C++ RC\WF\Debug\WF.tlog\WF.write.1u.tlog","10322","2021-03-15T17:17:27.1178231Z","2016-06-02T23:58:56.0000000Z","2026-07-14T07:12:59.2788301Z","533536","c6308e68f7b10420931e0d81ac6b70e51cd8ba99b0423abc679e5e649b19dd96","MaximillianVoss/legacy-native-projects-archive","54a7410ae04822b5e609059ecaf0f4d56f729b8c","manifest-only","generated-file:.tlog","","metadata-only",""
"C++","Код C++\Windows forms C++ RC\WF\Debug\WF.vcxproj.GenerateResource.Cache","939","2021-03-15T17:17:27.0859075Z","2016-06-02T23:00:51.0000000Z","2026-07-14T07:12:59.2808385Z","533536","1d839fe7863073f845668722a7bd87810aaad0b014c0f9c940e707cfe31f211f","MaximillianVoss/legacy-native-projects-archive","54a7410ae04822b5e609059ecaf0f4d56f729b8c","manifest-only","generated-file:.cache","","metadata-only",""
"C++","Код C++\Windows forms C++ RC\WF\Debug\WF.vcxprojResolveAssemblyReference.cache","1634","2021-03-15T17:17:27.0709491Z","2016-05-09T08:34:06.0000000Z","2026-07-14T07:12:59.2828386Z","533536","c6a436227b56d81b495e99a740801befbc6ce42973745c3f8fbc1183704f78ca","MaximillianVoss/legacy-native-projects-archive","54a7410ae04822b5e609059ecaf0f4d56f729b8c","manifest-only","generated-file:.cache","","metadata-only",""
"C++","Код C++\Windows forms C++ RC\WF\Form1.h","18192","2021-03-15T17:17:27.0659626Z","2016-06-02T22:59:51.0000000Z","2026-07-14T07:12:59.2838390Z","533536","2046943acc5e4745c4f30c2d19b3a97cd04d2bc6ce2d307714fe2ae18b744c56","MaximillianVoss/legacy-native-projects-archive","54a7410ae04822b5e609059ecaf0f4d56f729b8c","copied","tracked-original-file","projects\C++\Код C++\Windows forms C++ RC\WF\Form1.h","included-exact","original\C++\Код C++\Windows forms C++ RC\WF\Form1.h"
"C++","Код C++\Windows forms C++ RC\WF\Form1.resX","5817","2021-03-15T17:17:27.0639671Z","2016-06-02T22:59:51.0000000Z","2026-07-14T07:12:59.2938386Z","533536","4363cd7d5b8671c72442ce1a1bfc10d64ebd24b2d718b54bd4fcd025e4967298","MaximillianVoss/legacy-native-projects-archive","54a7410ae04822b5e609059ecaf0f4d56f729b8c","copied","tracked-original-file","projects\C++\Код C++\Windows forms C++ RC\WF\Form1.resX","included-exact","original\C++\Код C++\Windows forms C++ RC\WF\Form1.resX"
"C++","Код C++\Windows forms C++ RC\WF\PlotPoint.h","217","2021-03-15T17:17:27.0490076Z","2016-05-08T20:14:13.0000000Z","2026-07-14T07:12:59.3038394Z","533536","ba285efbd90ee0eaa8e395b1048e98d557d7b7a705d3fe3af799852da3423141","MaximillianVoss/legacy-native-projects-archive","54a7410ae04822b5e609059ecaf0f4d56f729b8c","copied","tracked-original-file","projects\C++\Код C++\Windows forms C++ RC\WF\PlotPoint.h","included-exact","original\C++\Код C++\Windows forms C++ RC\WF\PlotPoint.h"
"C++","Код C++\Windows forms C++ RC\WF\ReadMe.txt","1702","2021-03-15T17:17:27.0510008Z","2016-04-16T04:02:14.0000000Z","2026-07-14T07:12:59.3158380Z","533536","61c2a0e413e2ecda9a9dd2191e0587c7f8f5a58bc5c1f4f743942fe7a662b972","MaximillianVoss/legacy-native-projects-archive","54a7410ae04822b5e609059ecaf0f4d56f729b8c","copied","tracked-original-file","projects\C++\Код C++\Windows forms C++ RC\WF\ReadMe.txt","included-exact","original\C++\Код C++\Windows forms C++ RC\WF\ReadMe.txt"
"C++","Код C++\Windows forms C++ RC\WF\resource.h","91","2021-03-15T17:17:27.0529965Z","2016-04-16T04:02:14.0000000Z","2026-07-14T07:12:59.3265107Z","533536","5e9baf9b51080e135f3433396b1359d5a8971406b40f14d6e345bdeacecc1e35","MaximillianVoss/legacy-native-projects-archive","54a7410ae04822b5e609059ecaf0f4d56f729b8c","copied","tracked-original-file","projects\C++\Код C++\Windows forms C++ RC\WF\resource.h","included-exact","original\C++\Код C++\Windows forms C++ RC\WF\resource.h"
"C++","Код C++\Windows forms C++ RC\WF\Results.h","3641","2021-03-15T17:17:27.0669591Z","2016-06-02T23:58:54.0000000Z","2026-07-14T07:12:59.3372184Z","533536","44b6777e2a87e1e44c85eea1e75122c0d468bfc7adf941eb5832d11ac4999791","MaximillianVoss/legacy-native-projects-archive","54a7410ae04822b5e609059ecaf0f4d56f729b8c","copied","tracked-original-file","projects\C++\Код C++\Windows forms C++ RC\WF\Results.h","included-exact","original\C++\Код C++\Windows forms C++ RC\WF\Results.h"
"C++","Код C++\Windows forms C++ RC\WF\stdafx.cpp","202","2021-03-15T17:17:27.0539942Z","2016-04-16T04:02:12.0000000Z","2026-07-14T07:12:59.3473183Z","533536","3526699e4773875b455bdaace882730ca3a3219db4a2f93ce9791b8e98788007","MaximillianVoss/legacy-native-projects-archive","54a7410ae04822b5e609059ecaf0f4d56f729b8c","copied","tracked-original-file","projects\C++\Код C++\Windows forms C++ RC\WF\stdafx.cpp","included-exact","original\C++\Код C++\Windows forms C++ RC\WF\stdafx.cpp"
"C++","Код C++\Windows forms C++ RC\WF\stdafx.h","242","2021-03-15T17:17:27.0559885Z","2016-04-16T04:02:12.0000000Z","2026-07-14T07:12:59.3573190Z","533536","7dc53a6d68b2eb90c835db886c07f0fb6690310568ef1149548f076f11b8641d","MaximillianVoss/legacy-native-projects-archive","54a7410ae04822b5e609059ecaf0f4d56f729b8c","copied","tracked-original-file","projects\C++\Код C++\Windows forms C++ RC\WF\stdafx.h","included-exact","original\C++\Код C++\Windows forms C++ RC\WF\stdafx.h"
"C++","Код C++\Windows forms C++ RC\WF\WF.cpp","395","2021-03-15T17:17:27.0629695Z","2016-05-13T14:09:57.0000000Z","2026-07-14T07:12:59.3733199Z","533536","b4d343849b8cf8427309c59d0b5c262a4458cccdf28afc6e9bad300accd0a0b0","MaximillianVoss/legacy-native-projects-archive","54a7410ae04822b5e609059ecaf0f4d56f729b8c","copied","tracked-original-file","projects\C++\Код C++\Windows forms C++ RC\WF\WF.cpp","included-exact","original\C++\Код C++\Windows forms C++ RC\WF\WF.cpp"
"C++","Код C++\Windows forms C++ RC\WF\WF.vcxproj","5276","2021-03-15T17:17:27.0579831Z","2016-04-30T08:08:44.0000000Z","2026-07-14T07:12:59.3853209Z","533536","afa578a61cf92cd657d4c7af6db2489093bf04a6dabae896fb4b23da50b83cb8","MaximillianVoss/legacy-native-projects-archive","54a7410ae04822b5e609059ecaf0f4d56f729b8c","copied","tracked-original-file","projects\C++\Код C++\Windows forms C++ RC\WF\WF.vcxproj","included-exact","original\C++\Код C++\Windows forms C++ RC\WF\WF.vcxproj"
"C++","Код C++\Windows forms C++ RC\WF\WF.vcxproj.filters","2056","2021-03-15T17:17:27.0589805Z","2016-04-19T10:24:36.0000000Z","2026-07-14T07:12:59.3983201Z","533536","08bfe468facaa046fcd80b412ca49605cac0e64582f969f1c88be7c163e3ae45","MaximillianVoss/legacy-native-projects-archive","54a7410ae04822b5e609059ecaf0f4d56f729b8c","copied","tracked-original-file","projects\C++\Код C++\Windows forms C++ RC\WF\WF.vcxproj.filters","included-exact","original\C++\Код C++\Windows forms C++ RC\WF\WF.vcxproj.filters"
"C++","Код C++\Windows forms C++ RC\WF\WF.vcxproj.user","143","2021-03-15T17:17:27.0609752Z","2016-04-16T04:02:12.0000000Z","2026-07-14T07:12:59.4103206Z","533536","f2f2e1ebb09bb88b3bc3f57677a31e0ae1b50cad9d5826e00d6b2fcff887974f","MaximillianVoss/legacy-native-projects-archive","54a7410ae04822b5e609059ecaf0f4d56f729b8c","manifest-only","generated-file:.user","","metadata-only",""
"C++","Код C++\Windows Forms C++\.vs\WF\v14\.suo","49664","2021-03-15T17:17:28.4341600Z","2016-05-19T13:29:33.0000000Z","2026-07-14T07:12:59.4123226Z","533536","df5851f60ad6a6aee4282ac4477cb07c7079474db1e2d9536ceab0db89b8983f","MaximillianVoss/legacy-native-projects-archive","54a7410ae04822b5e609059ecaf0f4d56f729b8c","manifest-only","generated-file:.suo","","metadata-only",""
"C++","Код C++\Windows Forms C++\Code.txt","5149","2021-03-15T17:17:28.4281760Z","2016-04-29T16:19:07.0000000Z","2026-07-14T07:12:59.4143197Z","533536","b9e6ff6592e6eebc97b828adb79be193391e35ed7d78ad81b004b3f781b3e1bb","MaximillianVoss/legacy-native-projects-archive","54a7410ae04822b5e609059ecaf0f4d56f729b8c","copied","tracked-original-file","projects\C++\Код C++\Windows Forms C++\Code.txt","included-exact","original\C++\Код C++\Windows Forms C++\Code.txt"
"C++","Код C++\Windows Forms C++\Debug\WF.exe","1462784","2021-03-15T17:17:28.4531083Z","2016-04-29T16:36:30.0000000Z","2026-07-14T07:12:59.4243184Z","533536","c6661695a7317bf6a877d47631456da328095d1e2ee66174898bb647fd3fc1a9","MaximillianVoss/legacy-native-projects-archive","54a7410ae04822b5e609059ecaf0f4d56f729b8c","manifest-only","executable-deliverable-held-local","","metadata-only",""
"C++","Код C++\Windows Forms C++\Debug\WF.exe.metagen","1346","2021-03-15T17:17:28.4521111Z","2016-04-19T14:24:27.0000000Z","2026-07-14T07:12:59.4423187Z","533536","50db99c00a2fa3c75582e528ddc085e5e0a6709d19c7f4c65a771d2254b11f04","MaximillianVoss/legacy-native-projects-archive","54a7410ae04822b5e609059ecaf0f4d56f729b8c","manifest-only","generated-or-dependency:Debug","","metadata-only",""
"C++","Код C++\Windows Forms C++\Debug\WF.pdb","5230592","2021-03-15T17:17:28.4551044Z","2016-04-29T16:36:31.0000000Z","2026-07-14T07:12:59.4443195Z","533536","ce631168dc12889850c638dd685a33b5fc5ed03d83face310dcb1837be0e8b67","MaximillianVoss/legacy-native-projects-archive","54a7410ae04822b5e609059ecaf0f4d56f729b8c","manifest-only","generated-file:.pdb","","metadata-only",""
"C++","Код C++\Windows Forms C++\ipch\WF-9af6ad6a\WF-aada9089.ipch","12451840","2021-03-15T17:17:28.4471249Z","2016-05-19T13:28:09.0000000Z","2026-07-14T07:12:59.4779104Z","533536","bd82ed3012931744091cbdec39120b8d193457b2f583feb2aedccb4f1fcc40fd","MaximillianVoss/legacy-native-projects-archive","54a7410ae04822b5e609059ecaf0f4d56f729b8c","manifest-only","generated-file:.ipch","","metadata-only",""
"C++","Код C++\Windows Forms C++\ipch\WF-e58ce43e\WF-aada9089.ipch","12124160","2021-03-15T17:17:28.4431361Z","2016-04-15T15:43:19.0000000Z","2026-07-14T07:12:59.5549143Z","533536","f3c81b915b7b1014f79dd693de32fbda02d6ec5ddb8bb3c87b2e2680519f06cf","MaximillianVoss/legacy-native-projects-archive","54a7410ae04822b5e609059ecaf0f4d56f729b8c","manifest-only","generated-file:.ipch","","metadata-only",""
"C++","Код C++\Windows Forms C++\ipch\WF-ee363804\WF-aada9089.ipch","12124160","2021-03-15T17:17:28.4401441Z","2016-04-15T14:13:18.0000000Z","2026-07-14T07:12:59.6319131Z","533536","4d15c4a16e723bda39460a0888048ac69e967949754e76c1558026d9e6218db6","MaximillianVoss/legacy-native-projects-archive","54a7410ae04822b5e609059ecaf0f4d56f729b8c","manifest-only","generated-file:.ipch","","metadata-only",""
"C++","Код C++\Windows Forms C++\WF.opensdf","24","2021-03-15T17:17:28.4211942Z","2016-04-15T14:05:04.0000000Z","2026-07-14T07:12:59.7143152Z","533536","6b2a01a218cf2b44afe550572ae1c418e71f63df14c3bd07ffe9ae5221402156","MaximillianVoss/legacy-native-projects-archive","54a7410ae04822b5e609059ecaf0f4d56f729b8c","manifest-only","generated-file:.opensdf","","metadata-only",""
"C++","Код C++\Windows Forms C++\WF.sdf","413696","2021-03-15T17:17:28.4261808Z","2016-04-15T14:10:13.0000000Z","2026-07-14T07:12:59.7163136Z","533536","c3ca808f1ea1373687e1102581f6445d0e5f856178d5ebae9cb3228930310cdc","MaximillianVoss/legacy-native-projects-archive","54a7410ae04822b5e609059ecaf0f4d56f729b8c","manifest-only","generated-file:.sdf","","metadata-only",""
"C++","Код C++\Windows Forms C++\WF.sln","878","2021-03-15T17:17:28.4241861Z","2016-04-15T14:05:20.0000000Z","2026-07-14T07:12:59.7213149Z","533536","c2eccbb6cee56671a3184c370676e01f4b75b485f17385342f3bc1697d160c8c","MaximillianVoss/legacy-native-projects-archive","54a7410ae04822b5e609059ecaf0f4d56f729b8c","copied","tracked-original-file","projects\C++\Код C++\Windows Forms C++\WF.sln","included-exact","original\C++\Код C++\Windows Forms C++\WF.sln"
"C++","Код C++\Windows Forms C++\WF.suo","9216","2021-03-15T17:17:28.4231889Z","2016-04-15T14:05:20.0000000Z","2026-07-14T07:12:59.7333177Z","533536","38ebec921d7d8e2401bd404446b042593a7e2ed40f7693bae432abfb51f7d157","MaximillianVoss/legacy-native-projects-archive","54a7410ae04822b5e609059ecaf0f4d56f729b8c","manifest-only","generated-file:.suo","","metadata-only",""
"C++","Код C++\Windows Forms C++\WF.VC.db","52101120","2021-03-15T17:17:28.4481228Z","2016-05-19T13:29:33.0000000Z","2026-07-14T07:12:59.7350978Z","533536","6ac03fea193cc95ec6aff2b267e45ad643397298b8aa50b34b3827ab120e860a","MaximillianVoss/legacy-native-projects-archive","54a7410ae04822b5e609059ecaf0f4d56f729b8c","manifest-only","sensitive-or-history-binary-held-local","","metadata-only",""
"C++","Код C++\Windows Forms C++\WF\app.ico","1078","2021-03-15T17:17:28.4710598Z","2009-08-30T23:31:52.0000000Z","2026-07-14T07:13:00.0130065Z","533536","382cd3997832491be248e19daf00e5881057c7a0818af23649341a2b97e12527","MaximillianVoss/legacy-native-projects-archive","54a7410ae04822b5e609059ecaf0f4d56f729b8c","copied","tracked-original-file","projects\C++\Код C++\Windows Forms C++\WF\app.ico","included-exact","original\C++\Код C++\Windows Forms C++\WF\app.ico"
"C++","Код C++\Windows Forms C++\WF\app.rc","2546","2021-03-15T17:17:28.4680687Z","2016-04-15T14:05:13.0000000Z","2026-07-14T07:13:00.0230072Z","533536","5b79149abaf60f24c566c325be8058d7fa4ca2cd95c117bd6f30c6ade590bb98","MaximillianVoss/legacy-native-projects-archive","54a7410ae04822b5e609059ecaf0f4d56f729b8c","copied","tracked-original-file","projects\C++\Код C++\Windows Forms C++\WF\app.rc","included-exact","original\C++\Код C++\Windows Forms C++\WF\app.rc"
"C++","Код C++\Windows Forms C++\WF\AssemblyInfo.cpp","1320","2021-03-15T17:17:28.4690669Z","2016-04-15T14:05:13.0000000Z","2026-07-14T07:13:00.0340060Z","533536","b598fa537c71ba4e12441f01fd09b06b4aa6709c33aaba537d6a8d4b03f91e23","MaximillianVoss/legacy-native-projects-archive","54a7410ae04822b5e609059ecaf0f4d56f729b8c","copied","tracked-original-file","projects\C++\Код C++\Windows Forms C++\WF\AssemblyInfo.cpp","included-exact","original\C++\Код C++\Windows Forms C++\WF\AssemblyInfo.cpp"
"C++","Код C++\Windows Forms C++\WF\Debug\.NETFramework,Version=v4.5.2.AssemblyAttributes.asm","231","2021-03-15T17:17:28.4860205Z","2016-04-23T11:01:46.0000000Z","2026-07-14T07:13:00.0450069Z","533536","48ee4b7a2f9440fd1626260eb7d41987f10bbb19248074bb54f351fb74dbc662","MaximillianVoss/legacy-native-projects-archive","54a7410ae04822b5e609059ecaf0f4d56f729b8c","manifest-only","generated-or-dependency:Debug","","metadata-only",""
"C++","Код C++\Windows Forms C++\WF\Debug\.NETFramework,Version=v4.5.2.AssemblyAttributes.obj","3106","2021-03-15T17:17:28.4910074Z","2016-04-23T11:01:46.0000000Z","2026-07-14T07:13:00.0467783Z","533536","30b2e6fb2f4bd397489a56542dcd4f5dcdcf9a65796feaa99495ba01ec10184c","MaximillianVoss/legacy-native-projects-archive","54a7410ae04822b5e609059ecaf0f4d56f729b8c","manifest-only","generated-file:.obj","","metadata-only",""
"C++","Код C++\Windows Forms C++\WF\Debug\app.res","1204","2021-03-15T17:17:28.4840261Z","2016-04-23T11:01:46.0000000Z","2026-07-14T07:13:00.0489123Z","533536","7319d0f81741f02dacd682f14d477cbab62aa5d0b5689422c518e053d353c95c","MaximillianVoss/legacy-native-projects-archive","54a7410ae04822b5e609059ecaf0f4d56f729b8c","manifest-only","generated-file:.res","","metadata-only",""
"C++","Код C++\Windows Forms C++\WF\Debug\AssemblyInfo.obj","3541","2021-03-15T17:17:28.4890127Z","2016-04-23T11:01:45.0000000Z","2026-07-14T07:13:00.0504934Z","533536","0a982cc20c8ebfffeed3cccd740adeb841e7860ebf25563621ffd508c1fe72cc","MaximillianVoss/legacy-native-projects-archive","54a7410ae04822b5e609059ecaf0f4d56f729b8c","manifest-only","generated-file:.obj","","metadata-only",""
"C++","Код C++\Windows Forms C++\WF\Debug\stdafx.obj","11581","2021-03-15T17:17:28.4870183Z","2016-04-23T11:01:44.0000000Z","2026-07-14T07:13:00.0515548Z","533536","bfda8d7b62c97c8d6e7bab758c718734a7334f91125e0801fb988968ae9a6ec7","MaximillianVoss/legacy-native-projects-archive","54a7410ae04822b5e609059ecaf0f4d56f729b8c","manifest-only","generated-file:.obj","","metadata-only",""
"C++","Код C++\Windows Forms C++\WF\Debug\vc140.pdb","659456","2021-03-15T17:17:28.5009799Z","2016-04-29T16:36:29.0000000Z","2026-07-14T07:13:00.0532944Z","533536","25bf8f52a9f6a658e7438570285bfe0f338612e5402a538d8b0a3bad76bd9a0e","MaximillianVoss/legacy-native-projects-archive","54a7410ae04822b5e609059ecaf0f4d56f729b8c","manifest-only","generated-file:.pdb","","metadata-only",""
"C++","Код C++\Windows Forms C++\WF\Debug\WF.Form1.resources","180","2021-03-15T17:17:28.4939984Z","2016-04-29T16:36:29.0000000Z","2026-07-14T07:13:00.0609636Z","533536","e13ed2c59366d0eea74863fd71a81f0cb977cce1edfde304fc538690a4f6ac89","MaximillianVoss/legacy-native-projects-archive","54a7410ae04822b5e609059ecaf0f4d56f729b8c","manifest-only","generated-or-dependency:Debug","","metadata-only",""
"C++","Код C++\Windows Forms C++\WF\Debug\WF.log","2869","2021-03-15T17:17:28.4969905Z","2016-04-29T16:36:31.0000000Z","2026-07-14T07:13:00.0619649Z","533536","01f37a769ad491e44b7d8fa6ad02a4faa18880aef9fcbab537fa0f070123f82a","MaximillianVoss/legacy-native-projects-archive","54a7410ae04822b5e609059ecaf0f4d56f729b8c","manifest-only","generated-file:.log","","metadata-only",""
"C++","Код C++\Windows Forms C++\WF\Debug\WF.obj","1766400","2021-03-15T17:17:28.4989852Z","2016-04-29T16:36:29.0000000Z","2026-07-14T07:13:00.0639660Z","533536","5011507ff6e8f041ac932ccdce790755628347aac76c7a1a0b5cd398388edbe1","MaximillianVoss/legacy-native-projects-archive","54a7410ae04822b5e609059ecaf0f4d56f729b8c","manifest-only","generated-file:.obj","","metadata-only",""
"C++","Код C++\Windows Forms C++\WF\Debug\WF.pch","7536640","2021-03-15T17:17:28.4920053Z","2016-04-23T11:01:44.0000000Z","2026-07-14T07:13:00.0739636Z","533536","18960c2661c5d0c070679edc9313dae356c27ba556b68d20be9bfefb678bd77b","MaximillianVoss/legacy-native-projects-archive","54a7410ae04822b5e609059ecaf0f4d56f729b8c","manifest-only","generated-file:.pch","","metadata-only",""
"C++","Код C++\Windows Forms C++\WF\Debug\WF.tlog\CL.command.1.tlog","8932","2021-03-15T17:17:28.5239189Z","2016-04-29T16:36:29.0000000Z","2026-07-14T07:13:00.1143105Z","533536","095bcf54081d7463defc99ff50c382210df911a6e12be6f305747bbf5439c0b0","MaximillianVoss/legacy-native-projects-archive","54a7410ae04822b5e609059ecaf0f4d56f729b8c","manifest-only","generated-file:.tlog","","metadata-only",""
"C++","Код C++\Windows Forms C++\WF\Debug\WF.tlog\CL.read.1.tlog","23888","2021-03-15T17:17:28.5279098Z","2016-04-29T16:36:29.0000000Z","2026-07-14T07:13:00.1163133Z","533536","f538b25fe76b1a3bd8bf3326e2ef533f0640f71cb7a60c7b0c3c83af3cf21abb","MaximillianVoss/legacy-native-projects-archive","54a7410ae04822b5e609059ecaf0f4d56f729b8c","manifest-only","generated-file:.tlog","","metadata-only",""
"C++","Код C++\Windows Forms C++\WF\Debug\WF.tlog\CL.write.1.tlog","3784","2021-03-15T17:17:28.5229221Z","2016-04-29T16:36:29.0000000Z","2026-07-14T07:13:00.1183105Z","533536","4a2ac79e4e453ac9ac2abd0f719ac4393ddd5a83aca942ac4c800af140f49e6e","MaximillianVoss/legacy-native-projects-archive","54a7410ae04822b5e609059ecaf0f4d56f729b8c","manifest-only","generated-file:.tlog","","metadata-only",""
"C++","Код C++\Windows Forms C++\WF\Debug\WF.tlog\link.command.1.tlog","2262","2021-03-15T17:17:28.5209274Z","2016-04-29T16:36:31.0000000Z","2026-07-14T07:13:00.1203104Z","533536","9aefb1b441707a503708b5dee2da08641d1fe285b1cac4a7d6ba3b834ea2e771","MaximillianVoss/legacy-native-projects-archive","54a7410ae04822b5e609059ecaf0f4d56f729b8c","manifest-only","generated-file:.tlog","","metadata-only",""
"C++","Код C++\Windows Forms C++\WF\Debug\WF.tlog\link.read.1.tlog","4246","2021-03-15T17:17:28.5189322Z","2016-04-29T16:36:31.0000000Z","2026-07-14T07:13:00.1223123Z","533536","af6680c8393d99935107d9aee28ef6b9b654d8bd4133f5398b34d998cd4ac35f","MaximillianVoss/legacy-native-projects-archive","54a7410ae04822b5e609059ecaf0f4d56f729b8c","manifest-only","generated-file:.tlog","","metadata-only",""
"C++","Код C++\Windows Forms C++\WF\Debug\WF.tlog\link.write.1.tlog","1490","2021-03-15T17:17:28.5179358Z","2016-04-29T16:36:31.0000000Z","2026-07-14T07:13:00.1243120Z","533536","b7f327759eecfd0ea9a52561884b3bc2312d3e065b4b51bd2894000550d33b75","MaximillianVoss/legacy-native-projects-archive","54a7410ae04822b5e609059ecaf0f4d56f729b8c","manifest-only","generated-file:.tlog","","metadata-only",""
"C++","Код C++\Windows Forms C++\WF\Debug\WF.tlog\metagen.read.1.tlog","2","2021-03-15T17:17:28.5159406Z","2016-04-29T16:36:29.0000000Z","2026-07-14T07:13:00.1263130Z","533536","b3d510ef04275ca8e698e5b3cbb0ece3949ef9252f0cdc839e9ee347409a2209","MaximillianVoss/legacy-native-projects-archive","54a7410ae04822b5e609059ecaf0f4d56f729b8c","manifest-only","generated-file:.tlog","","metadata-only",""
"C++","Код C++\Windows Forms C++\WF\Debug\WF.tlog\metagen.write.1.tlog","2","2021-03-15T17:17:28.5139455Z","2016-04-29T16:36:29.0000000Z","2026-07-14T07:13:00.1273128Z","533536","b3d510ef04275ca8e698e5b3cbb0ece3949ef9252f0cdc839e9ee347409a2209","MaximillianVoss/legacy-native-projects-archive","54a7410ae04822b5e609059ecaf0f4d56f729b8c","manifest-only","generated-file:.tlog","","metadata-only",""
"C++","Код C++\Windows Forms C++\WF\Debug\WF.tlog\rc.command.1.tlog","502","2021-03-15T17:17:28.5109541Z","2016-04-23T11:01:46.0000000Z","2026-07-14T07:13:00.1293118Z","533536","91e2c0a354af87cb69419b2923c8900784b79b2a5daa91c2678d35bd4f61f516","MaximillianVoss/legacy-native-projects-archive","54a7410ae04822b5e609059ecaf0f4d56f729b8c","manifest-only","generated-file:.tlog","","metadata-only",""
"C++","Код C++\Windows Forms C++\WF\Debug\WF.tlog\rc.read.1.tlog","572","2021-03-15T17:17:28.5089591Z","2016-04-23T11:01:46.0000000Z","2026-07-14T07:13:00.1313099Z","533536","0caefa22b24d3636ab22cde4bb6dab5ffb53265c22218db92a51421b16bf3e49","MaximillianVoss/legacy-native-projects-archive","54a7410ae04822b5e609059ecaf0f4d56f729b8c","manifest-only","generated-file:.tlog","","metadata-only",""
"C++","Код C++\Windows Forms C++\WF\Debug\WF.tlog\rc.write.1.tlog","390","2021-03-15T17:17:28.5079628Z","2016-04-23T11:01:46.0000000Z","2026-07-14T07:13:00.1333146Z","533536","fed650623d272b5f7f1e246989e4e6d847e936d1d08f51c2be2db5548ee81c79","MaximillianVoss/legacy-native-projects-archive","54a7410ae04822b5e609059ecaf0f4d56f729b8c","manifest-only","generated-file:.tlog","","metadata-only",""
"C++","Код C++\Windows Forms C++\WF\Debug\WF.tlog\TZRES.DLL.bi","0","2021-03-15T17:17:28.5059675Z","2016-04-23T11:01:46.0000000Z","2026-07-14T07:13:00.1343130Z","533536","e3b0c44298fc1c149afbf4c8996fb92427ae41e4649b934ca495991b7852b855","MaximillianVoss/legacy-native-projects-archive","54a7410ae04822b5e609059ecaf0f4d56f729b8c","manifest-only","generated-or-dependency:Debug","","metadata-only",""
"C++","Код C++\Windows Forms C++\WF\Debug\WF.tlog\WF.lastbuildstate","287","2021-03-15T17:17:28.5129488Z","2016-04-29T16:36:31.0000000Z","2026-07-14T07:13:00.1363115Z","533536","0a91cd7af1b5e1a941e4926daa02683de9e51b068a6feded06ccc58cecd4303d","MaximillianVoss/legacy-native-projects-archive","54a7410ae04822b5e609059ecaf0f4d56f729b8c","manifest-only","generated-file:.lastbuildstate","","metadata-only",""
"C++","Код C++\Windows Forms C++\WF\Debug\WF.tlog\WF.write.1u.tlog","90290","2021-03-15T17:17:28.5259142Z","2016-04-29T16:36:29.0000000Z","2026-07-14T07:13:00.1373117Z","533536","a7db069046f0e3938ba19c5c398add4c4fe7d8a0115fbf3aa111521c05a168d8","MaximillianVoss/legacy-native-projects-archive","54a7410ae04822b5e609059ecaf0f4d56f729b8c","manifest-only","generated-file:.tlog","","metadata-only",""
"C++","Код C++\Windows Forms C++\WF\Debug\WF.vcxproj.GenerateResource.Cache","939","2021-03-15T17:17:28.4959931Z","2016-04-29T16:36:29.0000000Z","2026-07-14T07:13:00.1403142Z","533536","7393ef4a00670c20867f4c1397c90da0cf0ff30ca6a5c5c13d2ecf4f3163f515","MaximillianVoss/legacy-native-projects-archive","54a7410ae04822b5e609059ecaf0f4d56f729b8c","manifest-only","generated-file:.cache","","metadata-only",""
"C++","Код C++\Windows Forms C++\WF\Debug\WF.vcxprojResolveAssemblyReference.cache","1634","2021-03-15T17:17:28.5019772Z","2016-05-19T13:28:03.0000000Z","2026-07-14T07:13:00.1423115Z","533536","c6a436227b56d81b495e99a740801befbc6ce42973745c3f8fbc1183704f78ca","MaximillianVoss/legacy-native-projects-archive","54a7410ae04822b5e609059ecaf0f4d56f729b8c","manifest-only","generated-file:.cache","","metadata-only",""
"C++","Код C++\Windows Forms C++\WF\Form1.h","12176","2021-03-15T17:17:28.4810340Z","2016-04-30T07:28:50.0000000Z","2026-07-14T07:13:00.1443155Z","533536","7503edc18b5e19ba1318fe2c73c1552a223dd3b3e8f6066e1cb1e490df9c8151","MaximillianVoss/legacy-native-projects-archive","54a7410ae04822b5e609059ecaf0f4d56f729b8c","copied","tracked-original-file","projects\C++\Код C++\Windows Forms C++\WF\Form1.h","included-exact","original\C++\Код C++\Windows Forms C++\WF\Form1.h"
"C++","Код C++\Windows Forms C++\WF\Form1.resX","5817","2021-03-15T17:17:28.4740535Z","2016-04-30T07:28:50.0000000Z","2026-07-14T07:13:00.1553125Z","533536","4363cd7d5b8671c72442ce1a1bfc10d64ebd24b2d718b54bd4fcd025e4967298","MaximillianVoss/legacy-native-projects-archive","54a7410ae04822b5e609059ecaf0f4d56f729b8c","copied","tracked-original-file","projects\C++\Код C++\Windows Forms C++\WF\Form1.resX","included-exact","original\C++\Код C++\Windows Forms C++\WF\Form1.resX"
"C++","Код C++\Windows Forms C++\WF\PlotPoint.h","217","2021-03-15T17:17:28.4790394Z","2016-04-29T15:11:26.0000000Z","2026-07-14T07:13:00.1673132Z","533536","ba285efbd90ee0eaa8e395b1048e98d557d7b7a705d3fe3af799852da3423141","MaximillianVoss/legacy-native-projects-archive","54a7410ae04822b5e609059ecaf0f4d56f729b8c","copied","tracked-original-file","projects\C++\Код C++\Windows Forms C++\WF\PlotPoint.h","included-exact","original\C++\Код C++\Windows Forms C++\WF\PlotPoint.h"
"C++","Код C++\Windows Forms C++\WF\ReadMe.txt","1702","2021-03-15T17:17:28.4650767Z","2016-04-15T14:05:12.0000000Z","2026-07-14T07:13:00.1798200Z","533536","61c2a0e413e2ecda9a9dd2191e0587c7f8f5a58bc5c1f4f743942fe7a662b972","MaximillianVoss/legacy-native-projects-archive","54a7410ae04822b5e609059ecaf0f4d56f729b8c","copied","tracked-original-file","projects\C++\Код C++\Windows Forms C++\WF\ReadMe.txt","included-exact","original\C++\Код C++\Windows Forms C++\WF\ReadMe.txt"
"C++","Код C++\Windows Forms C++\WF\resource.h","91","2021-03-15T17:17:28.4660747Z","2016-04-15T14:05:13.0000000Z","2026-07-14T07:13:00.1912403Z","533536","5e9baf9b51080e135f3433396b1359d5a8971406b40f14d6e345bdeacecc1e35","MaximillianVoss/legacy-native-projects-archive","54a7410ae04822b5e609059ecaf0f4d56f729b8c","copied","tracked-original-file","projects\C++\Код C++\Windows Forms C++\WF\resource.h","included-exact","original\C++\Код C++\Windows Forms C++\WF\resource.h"
"C++","Код C++\Windows Forms C++\WF\Results.h","4034","2021-03-15T17:17:28.4770444Z","2016-04-29T16:35:48.0000000Z","2026-07-14T07:13:00.2012402Z","533536","9a1ddf631bba19783107feb6c8d3646e0ea57bbf259bf0ec3626feff10786a09","MaximillianVoss/legacy-native-projects-archive","54a7410ae04822b5e609059ecaf0f4d56f729b8c","copied","tracked-original-file","projects\C++\Код C++\Windows Forms C++\WF\Results.h","included-exact","original\C++\Код C++\Windows Forms C++\WF\Results.h"
"C++","Код C++\Windows Forms C++\WF\stdafx.cpp","202","2021-03-15T17:17:28.4620847Z","2016-04-15T14:05:13.0000000Z","2026-07-14T07:13:00.2122413Z","533536","3526699e4773875b455bdaace882730ca3a3219db4a2f93ce9791b8e98788007","MaximillianVoss/legacy-native-projects-archive","54a7410ae04822b5e609059ecaf0f4d56f729b8c","copied","tracked-original-file","projects\C++\Код C++\Windows Forms C++\WF\stdafx.cpp","included-exact","original\C++\Код C++\Windows Forms C++\WF\stdafx.cpp"
"C++","Код C++\Windows Forms C++\WF\stdafx.h","242","2021-03-15T17:17:28.4630826Z","2016-04-15T14:05:13.0000000Z","2026-07-14T07:13:00.2252411Z","533536","7dc53a6d68b2eb90c835db886c07f0fb6690310568ef1149548f076f11b8641d","MaximillianVoss/legacy-native-projects-archive","54a7410ae04822b5e609059ecaf0f4d56f729b8c","copied","tracked-original-file","projects\C++\Код C++\Windows Forms C++\WF\stdafx.h","included-exact","original\C++\Код C++\Windows Forms C++\WF\stdafx.h"
"C++","Код C++\Windows Forms C++\WF\WF.cpp","424","2021-03-15T17:17:28.4600901Z","2016-04-15T14:05:12.0000000Z","2026-07-14T07:13:00.2362406Z","533536","1c1abfb3a54c3768cd89fa2cf171d83dbd8c4d7d1274071d4821a41f97b5045e","MaximillianVoss/legacy-native-projects-archive","54a7410ae04822b5e609059ecaf0f4d56f729b8c","copied","tracked-original-file","projects\C++\Код C++\Windows Forms C++\WF\WF.cpp","included-exact","original\C++\Код C++\Windows Forms C++\WF\WF.cpp"
"C++","Код C++\Windows Forms C++\WF\WF.vcxproj","5276","2021-03-15T17:17:28.4760474Z","2016-04-30T07:28:53.0000000Z","2026-07-14T07:13:00.2462406Z","533536","afa578a61cf92cd657d4c7af6db2489093bf04a6dabae896fb4b23da50b83cb8","MaximillianVoss/legacy-native-projects-archive","54a7410ae04822b5e609059ecaf0f4d56f729b8c","copied","tracked-original-file","projects\C++\Код C++\Windows Forms C++\WF\WF.vcxproj","included-exact","original\C++\Код C++\Windows Forms C++\WF\WF.vcxproj"
"C++","Код C++\Windows Forms C++\WF\WF.vcxproj.filters","2056","2021-03-15T17:17:28.4730555Z","2016-04-19T13:24:32.0000000Z","2026-07-14T07:13:00.2569053Z","533536","08bfe468facaa046fcd80b412ca49605cac0e64582f969f1c88be7c163e3ae45","MaximillianVoss/legacy-native-projects-archive","54a7410ae04822b5e609059ecaf0f4d56f729b8c","copied","tracked-original-file","projects\C++\Код C++\Windows Forms C++\WF\WF.vcxproj.filters","included-exact","original\C++\Код C++\Windows Forms C++\WF\WF.vcxproj.filters"
"C++","Код C++\Windows Forms C++\WF\WF.vcxproj.user","143","2021-03-15T17:17:28.4580957Z","2016-04-15T14:05:01.0000000Z","2026-07-14T07:13:00.2669030Z","533536","f2f2e1ebb09bb88b3bc3f57677a31e0ae1b50cad9d5826e00d6b2fcff887974f","MaximillianVoss/legacy-native-projects-archive","54a7410ae04822b5e609059ecaf0f4d56f729b8c","manifest-only","generated-file:.user","","metadata-only",""
